module	fresh_sha256	original_sha256	result
Bridge.Arrows	48f06540d95d3b2ebe459faf58d56cb0a2ef2d6c8cbf95ff9bda2a3b3c519fed	48f06540d95d3b2ebe459faf58d56cb0a2ef2d6c8cbf95ff9bda2a3b3c519fed	same
Bridge.Concave	646bfe05161da001177eeae804a8dfc503b44563978602006086d709b3b665e5	646bfe05161da001177eeae804a8dfc503b44563978602006086d709b3b665e5	same
Bridge.Data	a449a551a0a5eca7668c93a42b6a742571bdaa9456dfb8129c4c6232892487a4	a449a551a0a5eca7668c93a42b6a742571bdaa9456dfb8129c4c6232892487a4	same
Bridge.DataDerivs	e6bc9f217433aa4440bb835025931b1f8f4655169fa7f9eecd71120467301d68	e6bc9f217433aa4440bb835025931b1f8f4655169fa7f9eecd71120467301d68	same
Bridge.DataKnots	e57827403fbdeb59e8b6e8f7ba04c2b5fe013c7e1e42103e072c5c2acd79fbd0	e57827403fbdeb59e8b6e8f7ba04c2b5fe013c7e1e42103e072c5c2acd79fbd0	same
Bridge.DataValues	f90f6e950b746f1ce78535307a3f25ce8fa86f60598832966f7f788fb081f9b6	f90f6e950b746f1ce78535307a3f25ce8fa86f60598832966f7f788fb081f9b6	same
Bridge.Foundations	5aadddc6476da75d2c77e4c56d0079b060e5d824a259ff1cd446ed3da9c3e876	5aadddc6476da75d2c77e4c56d0079b060e5d824a259ff1cd446ed3da9c3e876	same
Bridge.KernelRfl	8500c18feaae39d698a048bdf87e1bfb209756776353b4610040e2f11008c90f	8500c18feaae39d698a048bdf87e1bfb209756776353b4610040e2f11008c90f	same
Bridge.P06LinesP0r12	4554f5b7b68f265e3515e6bbedbeec58f750a99ada36f8f7ffeea684f0fceceb	4554f5b7b68f265e3515e6bbedbeec58f750a99ada36f8f7ffeea684f0fceceb	same
Bridge.P06LinesP0r12_0	626e3e36327e8e30b2fbe9de7046d0a8aed078d46dc7dd838c00f6f09e09d289	626e3e36327e8e30b2fbe9de7046d0a8aed078d46dc7dd838c00f6f09e09d289	same
Bridge.P06LinesP0r12_1	d7835b8689ce41025ccec03612cbfcaef25b98c3f4232c8d0a8a9ab22b92cb93	d7835b8689ce41025ccec03612cbfcaef25b98c3f4232c8d0a8a9ab22b92cb93	same
Bridge.P06LinesP0r12_10	89751a97df21c9840e18da755f395f4bd8e20b3010b7b5ff34ce4d97de7e0bb9	89751a97df21c9840e18da755f395f4bd8e20b3010b7b5ff34ce4d97de7e0bb9	same
Bridge.P06LinesP0r12_11	1ac9e8150dc01cd69d3c7e1782dd608b0f676958aece2dba428113245d53edf7	1ac9e8150dc01cd69d3c7e1782dd608b0f676958aece2dba428113245d53edf7	same
Bridge.P06LinesP0r12_12	114be264ea694258c58b33af2c2f65d3b1ab4562155d147c8c7e0624d4611123	114be264ea694258c58b33af2c2f65d3b1ab4562155d147c8c7e0624d4611123	same
Bridge.P06LinesP0r12_13	7e7367bbc55bd12986e709cfbfbe12a026c374c4af982ebc47d236c55286a364	7e7367bbc55bd12986e709cfbfbe12a026c374c4af982ebc47d236c55286a364	same
Bridge.P06LinesP0r12_14	c59384afad528d7790b7e729c362facddeedba9cd3a137917f6055471feaaf93	c59384afad528d7790b7e729c362facddeedba9cd3a137917f6055471feaaf93	same
Bridge.P06LinesP0r12_15	cb887d944a4e468ba805efc08e962bf91f59665028b806a1a638e24914ea3b1e	cb887d944a4e468ba805efc08e962bf91f59665028b806a1a638e24914ea3b1e	same
Bridge.P06LinesP0r12_16	fc3b3989c7b5ee39907474bee6ffcb6a87adb8d27b8b7766017999376bf4a724	fc3b3989c7b5ee39907474bee6ffcb6a87adb8d27b8b7766017999376bf4a724	same
Bridge.P06LinesP0r12_17	15c1423f4f82056077540120b126a6793e6cd359aed1994470be60ee43f02ee3	15c1423f4f82056077540120b126a6793e6cd359aed1994470be60ee43f02ee3	same
Bridge.P06LinesP0r12_18	c50d24b2ab482d14367a3780e431d78dd9dbb7143c1c4b58bac85e5b8ea497e5	c50d24b2ab482d14367a3780e431d78dd9dbb7143c1c4b58bac85e5b8ea497e5	same
Bridge.P06LinesP0r12_19	d57a871070d626e0b957c2a06731d247fd52ced23dbf618ef903a5321f4c847c	d57a871070d626e0b957c2a06731d247fd52ced23dbf618ef903a5321f4c847c	same
Bridge.P06LinesP0r12_2	507b076488ce1dfda745037d1757f283b55e52f83e5a41d3ef6ab9b225b36cef	507b076488ce1dfda745037d1757f283b55e52f83e5a41d3ef6ab9b225b36cef	same
Bridge.P06LinesP0r12_20	211dd2ecc1f5693a2cf892f19bfa5eeae66ecd75ac0267e226ce2884b79a9f08	211dd2ecc1f5693a2cf892f19bfa5eeae66ecd75ac0267e226ce2884b79a9f08	same
Bridge.P06LinesP0r12_21	51a21078d9fbee207d327839d78c9be2dc9428915f4a22d41b519e7b00544d40	51a21078d9fbee207d327839d78c9be2dc9428915f4a22d41b519e7b00544d40	same
Bridge.P06LinesP0r12_22	fbf9de58b9206d4f7ef0c577b02d72ed49ec68e90de8641abf5fb824e21e43b9	fbf9de58b9206d4f7ef0c577b02d72ed49ec68e90de8641abf5fb824e21e43b9	same
Bridge.P06LinesP0r12_23	20d29a5faa930fa0fea3853b8f0bea872b63e1419a549b64e14eb2cc043c51ad	20d29a5faa930fa0fea3853b8f0bea872b63e1419a549b64e14eb2cc043c51ad	same
Bridge.P06LinesP0r12_24	aca8cb35b35acb42a1872a880d5a2c5d4daf806e5d93b69d498f19042815c5a9	aca8cb35b35acb42a1872a880d5a2c5d4daf806e5d93b69d498f19042815c5a9	same
Bridge.P06LinesP0r12_25	78ce5612f7bc195cc6e34e1e681f22e2536bfc57946d4f3141d6de34467d30d0	78ce5612f7bc195cc6e34e1e681f22e2536bfc57946d4f3141d6de34467d30d0	same
Bridge.P06LinesP0r12_26	423de7feda80dca84ec6082f3adf2ac5f50460a5181fdc1e342c19fd745f9d38	423de7feda80dca84ec6082f3adf2ac5f50460a5181fdc1e342c19fd745f9d38	same
Bridge.P06LinesP0r12_27	e5a999badb304f5bf0c604df24b6e7309a1cd33f4c08fc1107bc2173e3676f97	e5a999badb304f5bf0c604df24b6e7309a1cd33f4c08fc1107bc2173e3676f97	same
Bridge.P06LinesP0r12_28	b1109fc2cd883e0e44eafcd6e98bcfa6fe2487b7db4ad2729aa1467031e421ea	b1109fc2cd883e0e44eafcd6e98bcfa6fe2487b7db4ad2729aa1467031e421ea	same
Bridge.P06LinesP0r12_3	955daf044d65ac6b87baff9da1a18eaf47891901b46aba7ec83d02079d27c532	955daf044d65ac6b87baff9da1a18eaf47891901b46aba7ec83d02079d27c532	same
Bridge.P06LinesP0r12_4	6f06a1fb67d7303b47abf01b6109fb7068a80dd7bfc1a2820234c46af6072685	6f06a1fb67d7303b47abf01b6109fb7068a80dd7bfc1a2820234c46af6072685	same
Bridge.P06LinesP0r12_5	a4198b91901fdf6e18d5bcd7208c24a94fd9181eddcacf0966e5746e23db958c	a4198b91901fdf6e18d5bcd7208c24a94fd9181eddcacf0966e5746e23db958c	same
Bridge.P06LinesP0r12_6	6d4dea67d2c6850242d8f311e5328f191eba2f2a3353b9bd6ba374b95ce58a1c	6d4dea67d2c6850242d8f311e5328f191eba2f2a3353b9bd6ba374b95ce58a1c	same
Bridge.P06LinesP0r12_7	bd56c3d6c01a577cf3aa5f617b2b76a7b8fa34fa3e26a54c7ab6b103a37030fa	bd56c3d6c01a577cf3aa5f617b2b76a7b8fa34fa3e26a54c7ab6b103a37030fa	same
Bridge.P06LinesP0r12_8	a0dcf4e3f18e1948e5d74a528fb800ce37524c5910662fa340757949baa81770	a0dcf4e3f18e1948e5d74a528fb800ce37524c5910662fa340757949baa81770	same
Bridge.P06LinesP0r12_9	ae3ae1ec297beed85ac8c900d19a7a69aa8bd834186fb894bb3edd2e9463ad3c	ae3ae1ec297beed85ac8c900d19a7a69aa8bd834186fb894bb3edd2e9463ad3c	same
Bridge.ParseRat	0edc1882b9ff684438f4f8366dd0dc13b0e36117a67e140455ea1c6eb6762d6a	0edc1882b9ff684438f4f8366dd0dc13b0e36117a67e140455ea1c6eb6762d6a	same
Bridge.Source	c1f317083023a7f8421480ee4b665ec961dbf7baacc9c8ca4b93a178c0ee4c86	c1f317083023a7f8421480ee4b665ec961dbf7baacc9c8ca4b93a178c0ee4c86	same
Bridge.Tangent	2e66c906bbe497c702d2b81e1f323facb87eb604db15ae2c39b90b46e8c9ce49	15b447afaa7510153bbaa070ea471c2c871d3c218f9097ee2067fa0aa892a81c	DIFF
Bridge.TangentLines	149335e09102ab45e40ec399ac7b31993f0daa13518fde8dee4c67bd977323b5	149335e09102ab45e40ec399ac7b31993f0daa13518fde8dee4c67bd977323b5	same
Definitions.Def_DiagRamsey_Basic	2e75b7bdc087d507014dd9b33f05e23aa217fe02b836fc101d6b5e8edf3d9f6c	2e75b7bdc087d507014dd9b33f05e23aa217fe02b836fc101d6b5e8edf3d9f6c	same
Definitions.Def_DiagRamsey_LuWangSource	3ca8c32f0f0f25728217ba3f85f0b84a54bd1338c4b30a6e2c61e226dbba69fa	3ca8c32f0f0f25728217ba3f85f0b84a54bd1338c4b30a6e2c61e226dbba69fa	same
RamseyCurrent.BarrierCrossing	85cbcaf63ebcd0d466ae9a8f5a0e55d7f28b423b652d8ad5f2cbf256f78f7cbf	85cbcaf63ebcd0d466ae9a8f5a0e55d7f28b423b652d8ad5f2cbf256f78f7cbf	same
RamseyCurrent.BarrierPolygon	35ea648d0d4970af21e1822e9afc136a6258ca321ac8f69576d7cfece10904fc	35ea648d0d4970af21e1822e9afc136a6258ca321ac8f69576d7cfece10904fc	same
RamseyCurrent.CandidateSourceDensity	1585469f2380c7cf542e94782399d026df8d4a57d046c9745639d945c1127774	1585469f2380c7cf542e94782399d026df8d4a57d046c9745639d945c1127774	same
RamseyCurrent.ClosureOperator	c53e560c8e3401f68697bcca06687523e43d9ce7026fc30c3177ebc70d1eaa14	c53e560c8e3401f68697bcca06687523e43d9ce7026fc30c3177ebc70d1eaa14	same
RamseyCurrent.CompactDepth	5b821f2c40277c25cf6fa943a0593e1e71c40a67b5166998442b711b10b536cc	5b821f2c40277c25cf6fa943a0593e1e71c40a67b5166998442b711b10b536cc	same
RamseyCurrent.CurrentSourceAdmissible	c4b62d7cbdbea4fbc88e2bd80681812ed8b7237b8f0ca20d7aea53de9d6b843a	c4b62d7cbdbea4fbc88e2bd80681812ed8b7237b8f0ca20d7aea53de9d6b843a	same
RamseyCurrent.CurrentSourceData	e76719973045425d7964c1ee99ba872c8c6e612fe2d57fa21ec936e499189561	e76719973045425d7964c1ee99ba872c8c6e612fe2d57fa21ec936e499189561	same
RamseyCurrent.CurrentSourceGeometry	e367a6f458d46ad890da11ff9da7c2b60b27a5b89e3ea14d985d1649cb87e430	e367a6f458d46ad890da11ff9da7c2b60b27a5b89e3ea14d985d1649cb87e430	same
RamseyCurrent.CurrentSourceGeometryChecked	2d86c5eb207565d878745e4ca67ef93ff5955d2138b740dea7cd3ec3f7137910	2d86c5eb207565d878745e4ca67ef93ff5955d2138b740dea7cd3ec3f7137910	same
RamseyCurrent.CurrentSourceGeometryData	4802eec52f55a8c1f82e16601fb70e91edc858fbfd3c6ec0355acc83a48aa6b5	4802eec52f55a8c1f82e16601fb70e91edc858fbfd3c6ec0355acc83a48aa6b5	same
RamseyCurrent.CurrentSourceMembership	5335532ac46d87d8fe6be79ea9402899a3cf3a5c652927c6f839589e29e0af38	5335532ac46d87d8fe6be79ea9402899a3cf3a5c652927c6f839589e29e0af38	same
RamseyCurrent.DensitySchedule	9d0114184727c76f949f50929e74eddf6ed340142de449325b9c9d845c03d39c	9d0114184727c76f949f50929e74eddf6ed340142de449325b9c9d845c03d39c	same
RamseyCurrent.GraphSelection	23362cd865bb4e2febd5a3bf0baac41de5c11d03b29f8836984219a2f6c532b8	23362cd865bb4e2febd5a3bf0baac41de5c11d03b29f8836984219a2f6c532b8	same
RamseyCurrent.ImportedDefinitions	009b12c7999164ac9dcdaadf6a449bb1868c12128d0ee809e249f80943d059ca	009b12c7999164ac9dcdaadf6a449bb1868c12128d0ee809e249f80943d059ca	same
RamseyCurrent.OrderIteration	13f537168aac065ef9dd6040b70b500693d4cc6e3b2afa507056bd760f8942be	13f537168aac065ef9dd6040b70b500693d4cc6e3b2afa507056bd760f8942be	same
RamseyCurrent.PiecewiseSourceAnalysis	8b2e2f89c05d58ea8e8e8141a699381e17fe20ac2b1c28168241cb4f597faeb1	8b2e2f89c05d58ea8e8e8141a699381e17fe20ac2b1c28168241cb4f597faeb1	same
RamseyCurrent.PiecewiseSourceConstruction	38cc40a96b98b3f82ab30ccede13329fa301b38c0da9594ea3511bec8b417337	38cc40a96b98b3f82ab30ccede13329fa301b38c0da9594ea3511bec8b417337	same
RamseyCurrent.PiecewiseSourceRational	86f3be640deca23b472fec8710f9775253e93d776f1e28ca37a878b3f5170f9f	86f3be640deca23b472fec8710f9775253e93d776f1e28ca37a878b3f5170f9f	same
RamseyCurrent.PiecewiseSourceRegularity	896e7c48c38fa56cb0dd23021240a44883e9f710b1948af32447747a7c6775c7	896e7c48c38fa56cb0dd23021240a44883e9f710b1948af32447747a7c6775c7	same
RamseyCurrent.PiecewiseSourceShape	0114bde062d23a60440afbe9f718791f235bc7632980440e27f0dbc82c494fd6	0114bde062d23a60440afbe9f718791f235bc7632980440e27f0dbc82c494fd6	same
RamseyCurrent.PolygonAlgebra	bf474dac71f5140378f8527ec783f17c6f2c24468ac31e688238e49fd8666dfb	bf474dac71f5140378f8527ec783f17c6f2c24468ac31e688238e49fd8666dfb	same
RamseyCurrent.PolygonCriterion	d8009eb85909cf0e194dfb7a8d8da7c9582e6b6115c4713736c8c4be93b11760	d8009eb85909cf0e194dfb7a8d8da7c9582e6b6115c4713736c8c4be93b11760	same
RamseyCurrent.PolygonCriterionControls	71a869971a2ff70ff65900f17aa5f4a7e20bfff5d216216b17d655dbf5bb2308	71a869971a2ff70ff65900f17aa5f4a7e20bfff5d216216b17d655dbf5bb2308	same
RamseyCurrent.PolygonCriterionGeometry	0bc1f4e8d68a317c7e9ab6ab6a36805345ac47e31046ad4d1d4cac0bf13e0a48	0bc1f4e8d68a317c7e9ab6ab6a36805345ac47e31046ad4d1d4cac0bf13e0a48	same
RamseyCurrent.PolygonTailsGeometry	28c7bb12b1caa768fc751ae31d0f15be6e912cbe6b6d972995705481d90eb0ad	28c7bb12b1caa768fc751ae31d0f15be6e912cbe6b6d972995705481d90eb0ad	same
RamseyCurrent.RouteAlgebra	f21a618303f3225a1530ef40ca498a76f42349055a35a2ff28dccee8e21118b0	f21a618303f3225a1530ef40ca498a76f42349055a35a2ff28dccee8e21118b0	same
RamseyCurrent.RouteSyntax	26310d8e9a86fea5af3c26fd18a3852ae94ccc4dc58a0a3dc699683f4b0508e8	26310d8e9a86fea5af3c26fd18a3852ae94ccc4dc58a0a3dc699683f4b0508e8	same
RamseyCurrent.SourceBootstrap	4ecc4fd1a2bebd6e21ace8ae1fb47a8434b75404e2a8cc8174ef8c44d3704fdc	4ecc4fd1a2bebd6e21ace8ae1fb47a8434b75404e2a8cc8174ef8c44d3704fdc	same
RamseyCurrent.SourceCertificateAll	bf1fe90b47a07edb4734e49801b9cd5c9c0ea9316141576431bb21e2c6a2d869	bf1fe90b47a07edb4734e49801b9cd5c9c0ea9316141576431bb21e2c6a2d869	same
RamseyCurrent.SourceCertificateAssembly	2d6dc1830c97276d4a294e68c7bf57a5684df6b269ca3785bfc63bcad0b97df7	2d6dc1830c97276d4a294e68c7bf57a5684df6b269ca3785bfc63bcad0b97df7	same
RamseyCurrent.SourceCertificateCell	f9f3e779a937e1abf38a81629da568626133b3809dea020ab30b715ec0648925	f9f3e779a937e1abf38a81629da568626133b3809dea020ab30b715ec0648925	same
RamseyCurrent.SourceCertificateComplete	df3917b9fed843cfa53c855b1ca27b301fb017b9058f32d451d0121f3af2bf1a	df3917b9fed843cfa53c855b1ca27b301fb017b9058f32d451d0121f3af2bf1a	same
RamseyCurrent.SourceCertificateExpr	723a79c9aeb8ac7e1cd002b2d2f7462d9659a945385f2739720bd6c25d3c5721	723a79c9aeb8ac7e1cd002b2d2f7462d9659a945385f2739720bd6c25d3c5721	same
RamseyCurrent.SourceCertificateGroups.Group00	2f416fc5b7ecb320bbb0df6741fd51a5c7c6b80cad677e2f28c5d15ac6bdf9fe	2f416fc5b7ecb320bbb0df6741fd51a5c7c6b80cad677e2f28c5d15ac6bdf9fe	same
RamseyCurrent.SourceCertificateGroups.Group01	44014e7f47cc0ff3907080b210b190e4ad050c22dba71b3592b0f03d11ee5e42	44014e7f47cc0ff3907080b210b190e4ad050c22dba71b3592b0f03d11ee5e42	same
RamseyCurrent.SourceCertificateGroups.Group02	b950aada6ac95a6df3631d1e6103f2c679711d97459cf5aefc3a103dfd6b56de	b950aada6ac95a6df3631d1e6103f2c679711d97459cf5aefc3a103dfd6b56de	same
RamseyCurrent.SourceCertificateGroups.Group03	a18ec317336e3a43c70aab287ce54ec2b3200193da280bd7d7190c2e6583c8a9	a18ec317336e3a43c70aab287ce54ec2b3200193da280bd7d7190c2e6583c8a9	same
RamseyCurrent.SourceCertificateGroups.Group04	0289b2a428333a99118ff9fccb6cd42bd71202ce614b4cc76bb05e3f8afa7407	0289b2a428333a99118ff9fccb6cd42bd71202ce614b4cc76bb05e3f8afa7407	same
RamseyCurrent.SourceCertificateGroups.Group05	8f5a9cc1d384d341fbe0e213eb8f01dc3539e2d5910521bdcdd51bcdc5b9f554	8f5a9cc1d384d341fbe0e213eb8f01dc3539e2d5910521bdcdd51bcdc5b9f554	same
RamseyCurrent.SourceCertificateGroups.Group06	a335a7803851330961a4ed074ed0ec6556b155689d7a91d40a327efcd2fc52c1	a335a7803851330961a4ed074ed0ec6556b155689d7a91d40a327efcd2fc52c1	same
RamseyCurrent.SourceCertificateGroups.Group07	6f49ed223cce5125d47e02ceb943aa8bf42c060e18380481ec407594d92d2b6f	6f49ed223cce5125d47e02ceb943aa8bf42c060e18380481ec407594d92d2b6f	same
RamseyCurrent.SourceCertificateGroups.Group08	04b0ef6dc20e54ee570bd2fbe02d7ab89dbf1da15a9bdda11dd0fc7da431a866	04b0ef6dc20e54ee570bd2fbe02d7ab89dbf1da15a9bdda11dd0fc7da431a866	same
RamseyCurrent.SourceCertificateGroups.Group09	745ef73763d2021db4d3ce88f2a6fa12e8d091f373e7f04e68af3a0fe3658de1	745ef73763d2021db4d3ce88f2a6fa12e8d091f373e7f04e68af3a0fe3658de1	same
RamseyCurrent.SourceCertificateGroups.Group10	8e2f844c361e6268a32fbc01bb365805496e5b3467b56a33006239365200eb3e	8e2f844c361e6268a32fbc01bb365805496e5b3467b56a33006239365200eb3e	same
RamseyCurrent.SourceCertificateGroups.Group11	3af1d182c42171f815e74e53d5c410414308d2d4c1677fac2fc488d21cc38e4c	3af1d182c42171f815e74e53d5c410414308d2d4c1677fac2fc488d21cc38e4c	same
RamseyCurrent.SourceCertificateGroups.Group12	013f8fce60e331cb93887c95dd8e3effceb4ca12564477864272880d08ab425c	013f8fce60e331cb93887c95dd8e3effceb4ca12564477864272880d08ab425c	same
RamseyCurrent.SourceCertificateGroups.Group13	39dad2835827c097cf8e2966325828d559b1521bafb7854794baad817c11a171	39dad2835827c097cf8e2966325828d559b1521bafb7854794baad817c11a171	same
RamseyCurrent.SourceCertificateGroups.Group14	b5a9c8ca8d6de740d4be53a5128d832f3b5b504d8269576f0e5e69a64f2b75d3	b5a9c8ca8d6de740d4be53a5128d832f3b5b504d8269576f0e5e69a64f2b75d3	same
RamseyCurrent.SourceCertificateGroups.Group15	e068ea7c754e50d647582a9ce4bca718a3ef10f7e58a4925321d1088b91f862b	e068ea7c754e50d647582a9ce4bca718a3ef10f7e58a4925321d1088b91f862b	same
RamseyCurrent.SourceCertificateGroups.Group16	d147c9a2d8f6f06ff2e8c0734180519ee2d8d13602a3cc023fad79271d8275a9	d147c9a2d8f6f06ff2e8c0734180519ee2d8d13602a3cc023fad79271d8275a9	same
RamseyCurrent.SourceCertificateGroups.Group17	1d2ee45008c7065fd71b1111e071048205332d52a5ede94ce4725c73697bd66c	1d2ee45008c7065fd71b1111e071048205332d52a5ede94ce4725c73697bd66c	same
RamseyCurrent.SourceCertificateLink	8621d52e74f52bd065e5a59b6742c177a5a5661c59a48f848871911c8b3c8e34	8621d52e74f52bd065e5a59b6742c177a5a5661c59a48f848871911c8b3c8e34	same
RamseyCurrent.SourceCertificateLinks.Chunk0000	aeba28dc6106222e675c4741352e44812352836429fcba89395b370a2240bdd7	aeba28dc6106222e675c4741352e44812352836429fcba89395b370a2240bdd7	same
RamseyCurrent.SourceCertificateLinks.Chunk0001	f79791b751919a892c730ffd0870bcd50f1e2250a2e1646d25a9410c90f935d3	f79791b751919a892c730ffd0870bcd50f1e2250a2e1646d25a9410c90f935d3	same
RamseyCurrent.SourceCertificateLinks.Chunk0002	d0f495bcb4ca24de6825f7fdd4ee3f250a48bfe265af08f3d34c09a9f047d280	d0f495bcb4ca24de6825f7fdd4ee3f250a48bfe265af08f3d34c09a9f047d280	same
RamseyCurrent.SourceCertificateLinks.Chunk0003	a06360dabb15851d3d9a51f0e1711bf654e985c5191e75ecd329dd02c2dd212e	a06360dabb15851d3d9a51f0e1711bf654e985c5191e75ecd329dd02c2dd212e	same
RamseyCurrent.SourceCertificateLinks.Chunk0004	89b023ce35c6aa02c37df2065d7b5bea51da103f36f55c1bf90a68d69919d894	89b023ce35c6aa02c37df2065d7b5bea51da103f36f55c1bf90a68d69919d894	same
RamseyCurrent.SourceCertificateLinks.Chunk0005	2c2d7615ed9757bf82ad4500a31043b73e663b2d4d23042573f99b9651f1d038	2c2d7615ed9757bf82ad4500a31043b73e663b2d4d23042573f99b9651f1d038	same
RamseyCurrent.SourceCertificateLinks.Chunk0006	dd519250ab6850a4cec44c021ba66acf22468165111bab94e09e440d4a5d2699	dd519250ab6850a4cec44c021ba66acf22468165111bab94e09e440d4a5d2699	same
RamseyCurrent.SourceCertificateLinks.Chunk0007	cc845df6ea62551663ed1b4b3489a585afdb9f95baba9def25c10447b94cd99f	cc845df6ea62551663ed1b4b3489a585afdb9f95baba9def25c10447b94cd99f	same
RamseyCurrent.SourceCertificateLinks.Chunk0008	7940d29760f35ba0d67158a9245ceacc547a1a7bc8178566bb89505ca4994080	7940d29760f35ba0d67158a9245ceacc547a1a7bc8178566bb89505ca4994080	same
RamseyCurrent.SourceCertificateLinks.Chunk0009	35b30a422881cef1e2699aee9e6bc08416750c2630fc70113ca83b349a6fae1f	35b30a422881cef1e2699aee9e6bc08416750c2630fc70113ca83b349a6fae1f	same
RamseyCurrent.SourceCertificateLinks.Chunk0010	1cd0693cca432dab640e53deababe57ebefcafda85ea6db72aebd7b5580d5110	1cd0693cca432dab640e53deababe57ebefcafda85ea6db72aebd7b5580d5110	same
RamseyCurrent.SourceCertificateLinks.Chunk0011	e8017667834b8f27c1b2d7ffdd274fe2732ebc72e8972164881a29865627eb3d	e8017667834b8f27c1b2d7ffdd274fe2732ebc72e8972164881a29865627eb3d	same
RamseyCurrent.SourceCertificateLinks.Chunk0012	93832be5a33b01a4b5ffd8da1379781a3cce48fb851b31d359eef8163e018a4f	93832be5a33b01a4b5ffd8da1379781a3cce48fb851b31d359eef8163e018a4f	same
RamseyCurrent.SourceCertificateLinks.Chunk0013	27a6ace4a80af4dba32a33dce03d263ea4f31e61e8f44bf01dd7efa9ffc8b0d8	27a6ace4a80af4dba32a33dce03d263ea4f31e61e8f44bf01dd7efa9ffc8b0d8	same
RamseyCurrent.SourceCertificateLinks.Chunk0014	510c5069e09bbe9d0d1ebe345cb8df7e169b5c32421438fc54db05eaa20d1357	510c5069e09bbe9d0d1ebe345cb8df7e169b5c32421438fc54db05eaa20d1357	same
RamseyCurrent.SourceCertificateLinks.Chunk0015	d5908a744b73e7c21fe8fb1817ffc1d6ec99f611a46a8ca2e7277bd911687563	d5908a744b73e7c21fe8fb1817ffc1d6ec99f611a46a8ca2e7277bd911687563	same
RamseyCurrent.SourceCertificateLinks.Chunk0016	ba8fab6484decce6c142d013f2623c40d60b2970584793d8deee272cb494b729	ba8fab6484decce6c142d013f2623c40d60b2970584793d8deee272cb494b729	same
RamseyCurrent.SourceCertificateLinks.Chunk0017	8bbb657150d8bd00ca31183597e3d7000fc94f86c7df833964b1d19f79634f77	8bbb657150d8bd00ca31183597e3d7000fc94f86c7df833964b1d19f79634f77	same
RamseyCurrent.SourceCertificateLinks.Chunk0018	6d008b435f24c05b3abdf06e3f22c609c982211bf25659792a9fa29ef9af9442	6d008b435f24c05b3abdf06e3f22c609c982211bf25659792a9fa29ef9af9442	same
RamseyCurrent.SourceCertificateLinks.Chunk0019	2d71fd0d55077158ed457d70039c438365086d41bbf094c624d9655d5a0c606a	2d71fd0d55077158ed457d70039c438365086d41bbf094c624d9655d5a0c606a	same
RamseyCurrent.SourceCertificateLinks.Chunk0020	0ba7fe395589d676c053ed2884d458bd83ec28e85fbeb679ee8d127eb510a705	0ba7fe395589d676c053ed2884d458bd83ec28e85fbeb679ee8d127eb510a705	same
RamseyCurrent.SourceCertificateLinks.Chunk0021	15947e5381382e88ea55a15c982223d5c157bd0cdb93111b53c5a995e5eb0c9d	15947e5381382e88ea55a15c982223d5c157bd0cdb93111b53c5a995e5eb0c9d	same
RamseyCurrent.SourceCertificateLinks.Chunk0022	7d12cdf368f443868e0a2d0f7460fa050936abf77501b9eee7b1ed59f51c4c27	7d12cdf368f443868e0a2d0f7460fa050936abf77501b9eee7b1ed59f51c4c27	same
RamseyCurrent.SourceCertificateLinks.Chunk0023	916b41ba68e4ecdcb0497f48011db20c917cfba63d626cd49408dca73647544f	916b41ba68e4ecdcb0497f48011db20c917cfba63d626cd49408dca73647544f	same
RamseyCurrent.SourceCertificateLinks.Chunk0024	53c8fb733397b94a19518609879091b29406946d301c766cfb40ad7c640e4ac9	53c8fb733397b94a19518609879091b29406946d301c766cfb40ad7c640e4ac9	same
RamseyCurrent.SourceCertificateLinks.Chunk0025	76766302916b94a02f3b8c3bfdeb32e2de32565694eb2f4086fb7789cd7984a9	76766302916b94a02f3b8c3bfdeb32e2de32565694eb2f4086fb7789cd7984a9	same
RamseyCurrent.SourceCertificateLinks.Chunk0026	b21b1b79e765a5482ccc3405f0cda6602a4b6ee4f2574d7ccd29cd48f4e7839c	b21b1b79e765a5482ccc3405f0cda6602a4b6ee4f2574d7ccd29cd48f4e7839c	same
RamseyCurrent.SourceCertificateLinks.Chunk0027	0cdef4884f6e2fc049e8f5f6d3824044d6f6e036fa78e7d025e8e0b6be881043	0cdef4884f6e2fc049e8f5f6d3824044d6f6e036fa78e7d025e8e0b6be881043	same
RamseyCurrent.SourceCertificateLinks.Chunk0028	187829ca58ad86108c82bd1d327335b333995abeef601c04d5322dd98145d164	187829ca58ad86108c82bd1d327335b333995abeef601c04d5322dd98145d164	same
RamseyCurrent.SourceCertificateLinks.Chunk0029	fb6f2dcf4abcac27e736f5a27bc997d1a76e1d3a001d8199ef7d82566a6d84a0	fb6f2dcf4abcac27e736f5a27bc997d1a76e1d3a001d8199ef7d82566a6d84a0	same
RamseyCurrent.SourceCertificateLinks.Chunk0030	e02e59abb9fde0e5e5b6b6bdaf167ffbb0227b94ba3c44ea09eb605488abecd8	e02e59abb9fde0e5e5b6b6bdaf167ffbb0227b94ba3c44ea09eb605488abecd8	same
RamseyCurrent.SourceCertificateLinks.Chunk0031	d17ed4e9359c65ba25ae94d2a08622118d90f4a9b09bdf1f3cf696a785c5d71b	d17ed4e9359c65ba25ae94d2a08622118d90f4a9b09bdf1f3cf696a785c5d71b	same
RamseyCurrent.SourceCertificateLinks.Chunk0032	a5792dd8a4c20308bdca6792e2ae8c6cf16afbd4f864646a0651dee8c67982ce	a5792dd8a4c20308bdca6792e2ae8c6cf16afbd4f864646a0651dee8c67982ce	same
RamseyCurrent.SourceCertificateLinks.Chunk0033	ffe2d0205d4466395cb6ecab85316a8f2b863a9e0dafdd2a5707262f55d56082	ffe2d0205d4466395cb6ecab85316a8f2b863a9e0dafdd2a5707262f55d56082	same
RamseyCurrent.SourceCertificateLinks.Chunk0034	39224e3a86ee2c34759207254d0a0e0333c806487c4613b81751fda78381664d	39224e3a86ee2c34759207254d0a0e0333c806487c4613b81751fda78381664d	same
RamseyCurrent.SourceCertificateLinks.Chunk0035	19c03e613ab687254747aabf06766997fd23d1b7cbfedbb298e8729c2e69444d	19c03e613ab687254747aabf06766997fd23d1b7cbfedbb298e8729c2e69444d	same
RamseyCurrent.SourceCertificateLinks.Chunk0036	593191f02968d5deb1f3be75da062e58193be0d88216f3475e2476b2849a3bc1	593191f02968d5deb1f3be75da062e58193be0d88216f3475e2476b2849a3bc1	same
RamseyCurrent.SourceCertificateLinks.Chunk0037	76f536bab4d46eeabda4a7f5ba7a7f9d063a06df85ce4da5747f376ad52b4715	76f536bab4d46eeabda4a7f5ba7a7f9d063a06df85ce4da5747f376ad52b4715	same
RamseyCurrent.SourceCertificateLinks.Chunk0038	63dddbe13c33215edaf534c63bb3398b96dc0b58e59606fc805db044752f9744	63dddbe13c33215edaf534c63bb3398b96dc0b58e59606fc805db044752f9744	same
RamseyCurrent.SourceCertificateLinks.Chunk0039	4f1194a2ae4c90b2cd6b836d9f353c1483a5c5b6cc277446bf72aee94b63773a	4f1194a2ae4c90b2cd6b836d9f353c1483a5c5b6cc277446bf72aee94b63773a	same
RamseyCurrent.SourceCertificateLinks.Chunk0040	d13e75765ea647cf556124585a2e2e7b5ab962f1797c8724f267f52f1d7a762c	d13e75765ea647cf556124585a2e2e7b5ab962f1797c8724f267f52f1d7a762c	same
RamseyCurrent.SourceCertificateLinks.Chunk0041	f140e695195508f973b616ec0a9a0fe7447045ddcdd9d4dd1270803c1de93ccc	f140e695195508f973b616ec0a9a0fe7447045ddcdd9d4dd1270803c1de93ccc	same
RamseyCurrent.SourceCertificateLinks.Chunk0042	b13fff0174412cb73f091069f332b0490a39ddd2e5e8e7b8685c9a463f2fbc3f	b13fff0174412cb73f091069f332b0490a39ddd2e5e8e7b8685c9a463f2fbc3f	same
RamseyCurrent.SourceCertificateLinks.Chunk0043	15ed4c315b42d8dc4fd70255fa29fd92e40741bb8c386a2053591da8abdb43cb	15ed4c315b42d8dc4fd70255fa29fd92e40741bb8c386a2053591da8abdb43cb	same
RamseyCurrent.SourceCertificateLinks.Chunk0044	0e37aae11fef54f4a359faf622d013b71694319f96fe8a167f61f910f0eb47fb	0e37aae11fef54f4a359faf622d013b71694319f96fe8a167f61f910f0eb47fb	same
RamseyCurrent.SourceCertificateLinks.Chunk0045	837692c855d2654023b6574d2f985aa06ff0285be7a8a8048aba3a985a955904	837692c855d2654023b6574d2f985aa06ff0285be7a8a8048aba3a985a955904	same
RamseyCurrent.SourceCertificateLinks.Chunk0046	04b9451b04ce2e23d9742721b8bf6eb15bedc9dcac111326ce0784becbf1996b	04b9451b04ce2e23d9742721b8bf6eb15bedc9dcac111326ce0784becbf1996b	same
RamseyCurrent.SourceCertificateLinks.Chunk0047	3c684948b0c00fe865b56fa3e92e8d2d9e26a1d5d5a0d33c7b71db281f3e401d	3c684948b0c00fe865b56fa3e92e8d2d9e26a1d5d5a0d33c7b71db281f3e401d	same
RamseyCurrent.SourceCertificateLinks.Chunk0048	7eb6e3dc9beef11e169710e74db16b983d8450dd94f86b19d805f5e2eb742b2f	7eb6e3dc9beef11e169710e74db16b983d8450dd94f86b19d805f5e2eb742b2f	same
RamseyCurrent.SourceCertificateLinks.Chunk0049	56d599de570430d59db052d354234a528da596216f7d3ed1655a19b4cba3c910	56d599de570430d59db052d354234a528da596216f7d3ed1655a19b4cba3c910	same
RamseyCurrent.SourceCertificateLinks.Chunk0050	b7e148dac6c4f806adc3152dd1e52c45e1e5664c606a8d10760cdaae96e27323	b7e148dac6c4f806adc3152dd1e52c45e1e5664c606a8d10760cdaae96e27323	same
RamseyCurrent.SourceCertificateLinks.Chunk0051	46e2c726a8d7852b403174645f4c8af0bd3b9a4125cfb578895f68b85454784a	46e2c726a8d7852b403174645f4c8af0bd3b9a4125cfb578895f68b85454784a	same
RamseyCurrent.SourceCertificateLinks.Chunk0052	fec4e1fcd638c3020bb0e1273144f30a7ff1ca1c60c8486ebfe9b861c18abb69	fec4e1fcd638c3020bb0e1273144f30a7ff1ca1c60c8486ebfe9b861c18abb69	same
RamseyCurrent.SourceCertificateLinks.Chunk0053	1d79953b09b188c1ccb786f0974a336c8b11e3a784acf7238ab7ed6d3a643f7d	1d79953b09b188c1ccb786f0974a336c8b11e3a784acf7238ab7ed6d3a643f7d	same
RamseyCurrent.SourceCertificateLinks.Chunk0054	cbcfcdad69dd83319e059d217e7fde8c856d1ca99f083852e04871eb64b56ceb	cbcfcdad69dd83319e059d217e7fde8c856d1ca99f083852e04871eb64b56ceb	same
RamseyCurrent.SourceCertificateLinks.Chunk0055	80eead5691e31fbadb3308381365988259bc1c39c0af17b7bcfcc21029a01fdc	80eead5691e31fbadb3308381365988259bc1c39c0af17b7bcfcc21029a01fdc	same
RamseyCurrent.SourceCertificateLinks.Chunk0056	c330bae656556d96a17cb9599ded8d9e2e23d32d344c47cccebb2405eb62b647	c330bae656556d96a17cb9599ded8d9e2e23d32d344c47cccebb2405eb62b647	same
RamseyCurrent.SourceCertificateLinks.Chunk0057	82ae83e311d30c5a2abca662daf99f3cf5d3385e99246c099272eb8b25a8d192	82ae83e311d30c5a2abca662daf99f3cf5d3385e99246c099272eb8b25a8d192	same
RamseyCurrent.SourceCertificateLinks.Chunk0058	07f66fc599be01861c2f1564fd70b358064b80f907366eca4eb8843ba242db34	07f66fc599be01861c2f1564fd70b358064b80f907366eca4eb8843ba242db34	same
RamseyCurrent.SourceCertificateLinks.Chunk0059	f789abbf6efa7aa6912196eb31e3a04d89947e7a5327417893b9aa7cddf31187	f789abbf6efa7aa6912196eb31e3a04d89947e7a5327417893b9aa7cddf31187	same
RamseyCurrent.SourceCertificateLinks.Chunk0060	d10651fb98e11b9594913b0897ab522814413236ff9499783ba027c7aae6da75	d10651fb98e11b9594913b0897ab522814413236ff9499783ba027c7aae6da75	same
RamseyCurrent.SourceCertificateLinks.Chunk0061	d0e636fde3123b79651c9e2fe862357d0aab85b556fe34c6c0434d5b3bcc9039	d0e636fde3123b79651c9e2fe862357d0aab85b556fe34c6c0434d5b3bcc9039	same
RamseyCurrent.SourceCertificateLinks.Chunk0062	876ba6baf13a0585e2178a6df7b02d593258cca9867cdb81e37d2711683073c5	876ba6baf13a0585e2178a6df7b02d593258cca9867cdb81e37d2711683073c5	same
RamseyCurrent.SourceCertificateLinks.Chunk0063	adcca23b1f0801a703ca6ebb7af20ac3a19b9c273cb6f19900cea8da7128b6f2	adcca23b1f0801a703ca6ebb7af20ac3a19b9c273cb6f19900cea8da7128b6f2	same
RamseyCurrent.SourceCertificateLinks.Chunk0064	da63ef517e374f6df8aa6e818c18922f929b80e56bf5e442b28936995494b4f7	da63ef517e374f6df8aa6e818c18922f929b80e56bf5e442b28936995494b4f7	same
RamseyCurrent.SourceCertificateLinks.Chunk0065	aad61a112294a108133bbf68131789f3365c8b8f79b35d23324afadd80d07096	aad61a112294a108133bbf68131789f3365c8b8f79b35d23324afadd80d07096	same
RamseyCurrent.SourceCertificateLinks.Chunk0066	0e0ff3fd8712d4c938a52b4f2b62302a4cf9bf8e9eae00d5d2123d73ca4be7cc	0e0ff3fd8712d4c938a52b4f2b62302a4cf9bf8e9eae00d5d2123d73ca4be7cc	same
RamseyCurrent.SourceCertificateLinks.Chunk0067	8fd805175bbe269c74e7efa48ceea9b007405ec157d25dc25d48a356d5acf402	8fd805175bbe269c74e7efa48ceea9b007405ec157d25dc25d48a356d5acf402	same
RamseyCurrent.SourceCertificateLinks.Chunk0068	22a9dc67b0293bba54c8787efa08e678f2f4d2196cde9f2cea2ad0a7e1ca2a76	22a9dc67b0293bba54c8787efa08e678f2f4d2196cde9f2cea2ad0a7e1ca2a76	same
RamseyCurrent.SourceCertificateLinks.Chunk0069	441461862429d9bd202b54f708a91160af0c111665e7da86a1dcd580e632068f	441461862429d9bd202b54f708a91160af0c111665e7da86a1dcd580e632068f	same
RamseyCurrent.SourceCertificateLinks.Chunk0070	bac241ff348ced148f5b7cd68af1e32401b5d689f30be321743dbad2b0b178fd	bac241ff348ced148f5b7cd68af1e32401b5d689f30be321743dbad2b0b178fd	same
RamseyCurrent.SourceCertificateLinks.Chunk0071	c855135705c694489580becfd7767631328df12ce6e29bd5a38633906f9fb92a	c855135705c694489580becfd7767631328df12ce6e29bd5a38633906f9fb92a	same
RamseyCurrent.SourceCertificateLinks.Chunk0072	ad6e066c0d5708a7e9088fc4d2479b52c9f76a7dfd102dcfc737015dea17be76	ad6e066c0d5708a7e9088fc4d2479b52c9f76a7dfd102dcfc737015dea17be76	same
RamseyCurrent.SourceCertificateLinks.Chunk0073	f4451b27d2bd2415f198bc4b1daa156ddca0abd930f07490a3fdd5c8dcf53e91	f4451b27d2bd2415f198bc4b1daa156ddca0abd930f07490a3fdd5c8dcf53e91	same
RamseyCurrent.SourceCertificateLinks.Chunk0074	5788d0fdbe800de2eca09c82876241dabd746d361cfaf81465bb0eaf7ec3aac5	5788d0fdbe800de2eca09c82876241dabd746d361cfaf81465bb0eaf7ec3aac5	same
RamseyCurrent.SourceCertificateLinks.Chunk0075	2010b6ce977d18822d9b667d9e6ee9ec8f5a9d61caffc22fcc5d23d36dc81d05	2010b6ce977d18822d9b667d9e6ee9ec8f5a9d61caffc22fcc5d23d36dc81d05	same
RamseyCurrent.SourceCertificateLinks.Chunk0076	470959336fb499cdfb697692c8d7469674003cbc3441b2bd5794675a6034bc3e	470959336fb499cdfb697692c8d7469674003cbc3441b2bd5794675a6034bc3e	same
RamseyCurrent.SourceCertificateLinks.Chunk0077	f58eb618a7f0b18bc04494195ebb09ba4c59771ada1b07ac62c79ed167c13b31	f58eb618a7f0b18bc04494195ebb09ba4c59771ada1b07ac62c79ed167c13b31	same
RamseyCurrent.SourceCertificateLinks.Chunk0078	44b3ec7c5da68a8809e5703ce6b537827f8ff2422f863908ac0a97edc8b1684b	44b3ec7c5da68a8809e5703ce6b537827f8ff2422f863908ac0a97edc8b1684b	same
RamseyCurrent.SourceCertificateLinks.Chunk0079	309b47b79f1dc2a20c8efacbf8de04e38a324958d6fb723bdac01b7d5071ea67	309b47b79f1dc2a20c8efacbf8de04e38a324958d6fb723bdac01b7d5071ea67	same
RamseyCurrent.SourceCertificateLinks.Chunk0080	32edab392e801d663b62b5e4a844c12675ca1cc2990576c9ef2b4dbc59317d00	32edab392e801d663b62b5e4a844c12675ca1cc2990576c9ef2b4dbc59317d00	same
RamseyCurrent.SourceCertificateLinks.Chunk0081	28e29d0c0c9c5dcc2827dcfed98a759e4c26d3b9cd4912575621a3d1650cbd5c	28e29d0c0c9c5dcc2827dcfed98a759e4c26d3b9cd4912575621a3d1650cbd5c	same
RamseyCurrent.SourceCertificateLinks.Chunk0082	d84c368c5f8d2d2579920a232e21efdffefa1cf4887abeb585cb124218897a15	d84c368c5f8d2d2579920a232e21efdffefa1cf4887abeb585cb124218897a15	same
RamseyCurrent.SourceCertificateLinks.Chunk0083	014b677266ac1b1f10b08cea8258fd452f833b26413d6acca533dad89a1645b1	014b677266ac1b1f10b08cea8258fd452f833b26413d6acca533dad89a1645b1	same
RamseyCurrent.SourceCertificateLinks.Chunk0084	7e4abd21064af20317756e125744738f38ad32b01b553c2296fe3d5ce7cdf85c	7e4abd21064af20317756e125744738f38ad32b01b553c2296fe3d5ce7cdf85c	same
RamseyCurrent.SourceCertificateLinks.Chunk0085	28ca74f215c704559fbdeffbf1f1479bf6642cfa949f7beb82ad0c1ba177b994	28ca74f215c704559fbdeffbf1f1479bf6642cfa949f7beb82ad0c1ba177b994	same
RamseyCurrent.SourceCertificateLinks.Chunk0086	89f279024acb35b53a086146a035294b7cfaf6bd9090c86c43c3286b6f7dae45	89f279024acb35b53a086146a035294b7cfaf6bd9090c86c43c3286b6f7dae45	same
RamseyCurrent.SourceCertificateLinks.Chunk0087	afb7e42cfc773bae49fd3679d9c6c0331005821e7296e17ea1231abe419ae729	afb7e42cfc773bae49fd3679d9c6c0331005821e7296e17ea1231abe419ae729	same
RamseyCurrent.SourceCertificateLinks.Chunk0088	722194a886ddbf86aec04b76cf5e35b7e029c2018fdd1c93af34c22037a3a8b4	722194a886ddbf86aec04b76cf5e35b7e029c2018fdd1c93af34c22037a3a8b4	same
RamseyCurrent.SourceCertificateLinks.Chunk0089	ddc351fddda343c43e4c3a761cbcf8036f77b1e2615e5be4ea51d5d5a117508d	ddc351fddda343c43e4c3a761cbcf8036f77b1e2615e5be4ea51d5d5a117508d	same
RamseyCurrent.SourceCertificateLinks.Chunk0090	84caddba1b2c560bc2f5871c828d7d522d16c47b4d0bbf84a5c0739bf0cf2b95	84caddba1b2c560bc2f5871c828d7d522d16c47b4d0bbf84a5c0739bf0cf2b95	same
RamseyCurrent.SourceCertificateLinks.Chunk0091	3bd13b3703de828f2973d4a85184d181e57c2443e21ca224ee95ef4393262b14	3bd13b3703de828f2973d4a85184d181e57c2443e21ca224ee95ef4393262b14	same
RamseyCurrent.SourceCertificateLinks.Chunk0092	c2272bc1be0eb4a9c73a8396e7bc9ea66d4731292e3bb7e612111379e7511473	c2272bc1be0eb4a9c73a8396e7bc9ea66d4731292e3bb7e612111379e7511473	same
RamseyCurrent.SourceCertificateLinks.Chunk0093	ff19bc0a38b90d2945c0eb6387d95bbed3566b7932c2f6f2fc1a715217265546	ff19bc0a38b90d2945c0eb6387d95bbed3566b7932c2f6f2fc1a715217265546	same
RamseyCurrent.SourceCertificateLinks.Chunk0094	3ca33b1bf7b2560ea661ad68779ead18214062c89f3875665bd865e01ea21037	3ca33b1bf7b2560ea661ad68779ead18214062c89f3875665bd865e01ea21037	same
RamseyCurrent.SourceCertificateLinks.Chunk0095	86157bac359714d905fb15c7a22962215c008b2550672e9142281f6da95e4ecc	86157bac359714d905fb15c7a22962215c008b2550672e9142281f6da95e4ecc	same
RamseyCurrent.SourceCertificateLinks.Chunk0096	21de7af0512e7b589e61fdd1595bd450d19f2a528c83338e981dd5b6c2e41502	21de7af0512e7b589e61fdd1595bd450d19f2a528c83338e981dd5b6c2e41502	same
RamseyCurrent.SourceCertificateLinks.Chunk0097	db5e31b305d91f0f57318df9076cf7f7f3b7660cf8051d1a325bde48513f66e4	db5e31b305d91f0f57318df9076cf7f7f3b7660cf8051d1a325bde48513f66e4	same
RamseyCurrent.SourceCertificateLinks.Chunk0098	8ff210dab23befc5ba9d4fc91c200e93e7a06390bb551511ba825962883a5690	8ff210dab23befc5ba9d4fc91c200e93e7a06390bb551511ba825962883a5690	same
RamseyCurrent.SourceCertificateLinks.Chunk0099	6f109eb41fb19473b67551ae5cd9be6d90ed6af5c3a9d58b31719714e4abb429	6f109eb41fb19473b67551ae5cd9be6d90ed6af5c3a9d58b31719714e4abb429	same
RamseyCurrent.SourceCertificateLinks.Chunk0100	ebdf1c8322465bb36af2be9f5a73aced5c497c8c2d67a3d4aab98f5ddb24608b	ebdf1c8322465bb36af2be9f5a73aced5c497c8c2d67a3d4aab98f5ddb24608b	same
RamseyCurrent.SourceCertificateLinks.Chunk0101	7a8269734be369032c2334fd7339ba6de15b967534adc639f3e46c0b6a3d06ad	7a8269734be369032c2334fd7339ba6de15b967534adc639f3e46c0b6a3d06ad	same
RamseyCurrent.SourceCertificateLinks.Chunk0102	a3ba3a24670d3b57e754b9d209822eabacaf3e509d6d579695344a6d93c05184	a3ba3a24670d3b57e754b9d209822eabacaf3e509d6d579695344a6d93c05184	same
RamseyCurrent.SourceCertificateLinks.Chunk0103	96b5f5198efc517c8aecc30fdef9fa24a2d5ac4e23f75e931b45bbf73ed88936	96b5f5198efc517c8aecc30fdef9fa24a2d5ac4e23f75e931b45bbf73ed88936	same
RamseyCurrent.SourceCertificateLinks.Chunk0104	b8f16a0e6f6f4e8bb175f84ae43a493d862fa7f24c70ba8b9e7901dbabbc6001	b8f16a0e6f6f4e8bb175f84ae43a493d862fa7f24c70ba8b9e7901dbabbc6001	same
RamseyCurrent.SourceCertificateLinks.Chunk0105	57eabf8bbaf4ed5013682642a645e4a06cee4b281c8741d6b6b28664fbfd5970	57eabf8bbaf4ed5013682642a645e4a06cee4b281c8741d6b6b28664fbfd5970	same
RamseyCurrent.SourceCertificateLinks.Chunk0106	ea85ab2f0dec7c32fbb6f25913a5ab1c3ed0bc8dff4bf22c76dea5d203759cc8	ea85ab2f0dec7c32fbb6f25913a5ab1c3ed0bc8dff4bf22c76dea5d203759cc8	same
RamseyCurrent.SourceCertificateLinks.Chunk0107	e943d2440e171ea667f501e777667525ae6cfd7e92eb9be9f2b416293718889f	e943d2440e171ea667f501e777667525ae6cfd7e92eb9be9f2b416293718889f	same
RamseyCurrent.SourceCertificateLinks.Chunk0108	535aed93608adb0cbc8b08cc8f5ea1716487caeb73da8804ca23dcf634f45820	535aed93608adb0cbc8b08cc8f5ea1716487caeb73da8804ca23dcf634f45820	same
RamseyCurrent.SourceCertificateLinks.Chunk0109	5e414d1a5859f8a85e6d1ddeb08f8d643fd418b99796431c629d1d17e729708f	5e414d1a5859f8a85e6d1ddeb08f8d643fd418b99796431c629d1d17e729708f	same
RamseyCurrent.SourceCertificateLinks.Chunk0110	0b319f07fca78b445bd2497e58ec81ae494dc6b2ac4f59fc63d90302c2bee8f9	0b319f07fca78b445bd2497e58ec81ae494dc6b2ac4f59fc63d90302c2bee8f9	same
RamseyCurrent.SourceCertificateLinks.Chunk0111	59a7b9d9ce3e05afd8e4e15e99c04a659b0c78fc47dc478018926e81246d567a	59a7b9d9ce3e05afd8e4e15e99c04a659b0c78fc47dc478018926e81246d567a	same
RamseyCurrent.SourceCertificateLinks.Chunk0112	b3689ddb3c6ac627a04155cfebc3a6694ca15cd5bfc4fcf12dcb082175050327	b3689ddb3c6ac627a04155cfebc3a6694ca15cd5bfc4fcf12dcb082175050327	same
RamseyCurrent.SourceCertificateLinks.Chunk0113	bfcf4f5a44326a59dff7b72e9d604fcfbfb73f61ecc1aaea883f516f830e0f4b	bfcf4f5a44326a59dff7b72e9d604fcfbfb73f61ecc1aaea883f516f830e0f4b	same
RamseyCurrent.SourceCertificateLinks.Chunk0114	0042ef4bdaa48cda0542ac7b8de72dbbaa234cd7c173b32657f6757799045175	0042ef4bdaa48cda0542ac7b8de72dbbaa234cd7c173b32657f6757799045175	same
RamseyCurrent.SourceCertificateLinks.Chunk0115	03f384f579ed8382269d3b8e07f29782331da4712bd8a797d2c68f001bad836c	03f384f579ed8382269d3b8e07f29782331da4712bd8a797d2c68f001bad836c	same
RamseyCurrent.SourceCertificateLinks.Chunk0116	4503071d51a5fc3b68c71ce0719494e7845682f1d05605b9724ff20aece94ba7	4503071d51a5fc3b68c71ce0719494e7845682f1d05605b9724ff20aece94ba7	same
RamseyCurrent.SourceCertificateLinks.Chunk0117	322193dfb6e9d440b55f69a87196ae7761d2a9c5e1c269bf1057c01ac4f8e7ba	322193dfb6e9d440b55f69a87196ae7761d2a9c5e1c269bf1057c01ac4f8e7ba	same
RamseyCurrent.SourceCertificateLinks.Chunk0118	cc1906afaaa916ba836a8297bee3840f375bb859b7a042dfe2f166f7954b304e	cc1906afaaa916ba836a8297bee3840f375bb859b7a042dfe2f166f7954b304e	same
RamseyCurrent.SourceCertificateLinks.Chunk0119	7a651bcd3b4092ef923ae6be12995624e5d37dfe630d7de364708b4c5b92d7e6	7a651bcd3b4092ef923ae6be12995624e5d37dfe630d7de364708b4c5b92d7e6	same
RamseyCurrent.SourceCertificateLinks.Chunk0120	fc1f2d11d1239217ac56473836986f2fa497d32d6e9c8edc5f3bda6983541047	fc1f2d11d1239217ac56473836986f2fa497d32d6e9c8edc5f3bda6983541047	same
RamseyCurrent.SourceCertificateLinks.Chunk0121	272f3a1c43a48eb2a4c53c0d2b2f2dd66cda5902b02b8a08b74d41928ea937ce	272f3a1c43a48eb2a4c53c0d2b2f2dd66cda5902b02b8a08b74d41928ea937ce	same
RamseyCurrent.SourceCertificateLinks.Chunk0122	d29204c41251b797abd6962c5a48ec30fe09d854cae2416f369002b7211f3092	d29204c41251b797abd6962c5a48ec30fe09d854cae2416f369002b7211f3092	same
RamseyCurrent.SourceCertificateLinks.Chunk0123	6a3d6ef05ff968dc683b6103dc0f36a23b26352b7f7aec11e43f71227d7edd13	6a3d6ef05ff968dc683b6103dc0f36a23b26352b7f7aec11e43f71227d7edd13	same
RamseyCurrent.SourceCertificateLinks.Chunk0124	4c215df5c3c297150437e20bc007b56b86b520a59bf9b4f2bd488269d9e7a5cf	4c215df5c3c297150437e20bc007b56b86b520a59bf9b4f2bd488269d9e7a5cf	same
RamseyCurrent.SourceCertificateLinks.Chunk0125	9864d4038a2a316cde47c10c0227dd716f507694110a91123bd056766bdd19a7	9864d4038a2a316cde47c10c0227dd716f507694110a91123bd056766bdd19a7	same
RamseyCurrent.SourceCertificateLinks.Chunk0126	11df02270de61fb406b59e55ce94f0a52f8837816561cae73a38b5d01b127ab6	11df02270de61fb406b59e55ce94f0a52f8837816561cae73a38b5d01b127ab6	same
RamseyCurrent.SourceCertificateLinks.Chunk0127	4e81613ede6c7c5035159e404ff3a3e1d6439d5805e9dcf2eb2bb68628e914b9	4e81613ede6c7c5035159e404ff3a3e1d6439d5805e9dcf2eb2bb68628e914b9	same
RamseyCurrent.SourceCertificateLinks.Chunk0128	e133e0d410837b5b33d0958e18e012704030b822abda26f3184066c4ccbcecc3	e133e0d410837b5b33d0958e18e012704030b822abda26f3184066c4ccbcecc3	same
RamseyCurrent.SourceCertificateLinks.Chunk0129	8e765437add847415e61cdc29c4c7ff0e4bb1287cf33d5c9f06429e6658a1dcf	8e765437add847415e61cdc29c4c7ff0e4bb1287cf33d5c9f06429e6658a1dcf	same
RamseyCurrent.SourceCertificateLinks.Chunk0130	e82d407fddcd151bb7ba7f2feaf4da08c45230db375769fb473a4c2c80035b09	e82d407fddcd151bb7ba7f2feaf4da08c45230db375769fb473a4c2c80035b09	same
RamseyCurrent.SourceCertificateLinks.Chunk0131	722a66c9203334781e681cca84c97be5b81e8a8f016cef565171fef7c9c0b856	722a66c9203334781e681cca84c97be5b81e8a8f016cef565171fef7c9c0b856	same
RamseyCurrent.SourceCertificateLinks.Chunk0132	3fc17b4dd5ac6c39d72f57c986eff9e4248df1f7f7064d20eebf1539df67e232	3fc17b4dd5ac6c39d72f57c986eff9e4248df1f7f7064d20eebf1539df67e232	same
RamseyCurrent.SourceCertificateLinks.Chunk0133	d43a035c0b0811b101ae4a525bde792b1d90c4af3e366a25a4d196d28ee87a3c	d43a035c0b0811b101ae4a525bde792b1d90c4af3e366a25a4d196d28ee87a3c	same
RamseyCurrent.SourceCertificateLinks.Chunk0134	4cc259cae66d56bf68ea27bcabdb4bd024b2f3c1f4f379e8bc07693826a5b03d	4cc259cae66d56bf68ea27bcabdb4bd024b2f3c1f4f379e8bc07693826a5b03d	same
RamseyCurrent.SourceCertificateLinks.Chunk0135	cc025492432a614c2a1dbca0cc4d0908d1d8b45f71db4bea8f4fc9511b765341	cc025492432a614c2a1dbca0cc4d0908d1d8b45f71db4bea8f4fc9511b765341	same
RamseyCurrent.SourceCertificateLinks.Chunk0136	6cafcca4fd782cda18826eeed3acc2f3e49856d5a22a1400bb5101cd1ec37d27	6cafcca4fd782cda18826eeed3acc2f3e49856d5a22a1400bb5101cd1ec37d27	same
RamseyCurrent.SourceCertificateLinks.Chunk0137	d256a199fed18d16d1fdfcf4ec8816b07662301c337f7320476af657a3d8987c	d256a199fed18d16d1fdfcf4ec8816b07662301c337f7320476af657a3d8987c	same
RamseyCurrent.SourceCertificateLinks.Chunk0138	94fbe74b9c2c950887b4a17e9806672e98864f6f02ec7c9ebf0f160ed1df1590	94fbe74b9c2c950887b4a17e9806672e98864f6f02ec7c9ebf0f160ed1df1590	same
RamseyCurrent.SourceCertificateLinks.Chunk0139	09c99d2026dc03f75bdefa13443b0ab1bac96c164a2d4b230e3e295a9b24d6ab	09c99d2026dc03f75bdefa13443b0ab1bac96c164a2d4b230e3e295a9b24d6ab	same
RamseyCurrent.SourceCertificateLinks.Chunk0140	438d12dbf7a197d045363635e071f803efd32b40b3323b7c5d136c57dd844c57	438d12dbf7a197d045363635e071f803efd32b40b3323b7c5d136c57dd844c57	same
RamseyCurrent.SourceCertificateLinks.Chunk0141	3958e6bfe89e09ac91464c6be1a8c7df5edb3827989d164218c26511eee6386b	3958e6bfe89e09ac91464c6be1a8c7df5edb3827989d164218c26511eee6386b	same
RamseyCurrent.SourceCertificateLinks.Chunk0142	8dcab29cc8efafb241a77712fa312b2b3894216330d5aed53052735880458b60	8dcab29cc8efafb241a77712fa312b2b3894216330d5aed53052735880458b60	same
RamseyCurrent.SourceCertificateLinks.Chunk0143	8789e97904ff6dfc7f9afba201d6bfe7adad68e392475b402edecc1319899f78	8789e97904ff6dfc7f9afba201d6bfe7adad68e392475b402edecc1319899f78	same
RamseyCurrent.SourceCertificateLinks.Chunk0144	b3c50b7c5265d264a480abc4efc4c2c2c03d01d2ca34da06744807544d665a6b	b3c50b7c5265d264a480abc4efc4c2c2c03d01d2ca34da06744807544d665a6b	same
RamseyCurrent.SourceCertificateLinks.Chunk0145	4e4792892a084c5a067c8ae86e12ce1edbf28ec6239f41aace1a1e51eaf01f75	4e4792892a084c5a067c8ae86e12ce1edbf28ec6239f41aace1a1e51eaf01f75	same
RamseyCurrent.SourceCertificateLinks.Chunk0146	28db4eef0334e09f0b087c2c8bb67144a7b065d52b871bd1d1fbe2de6d033433	28db4eef0334e09f0b087c2c8bb67144a7b065d52b871bd1d1fbe2de6d033433	same
RamseyCurrent.SourceCertificateLinks.Chunk0147	89190fd0826b8f46d8b00755f42e8d55ccd6ec170f967a6008907606efd613d5	89190fd0826b8f46d8b00755f42e8d55ccd6ec170f967a6008907606efd613d5	same
RamseyCurrent.SourceCertificateLinks.Chunk0148	623d2621e7c8242d66ea32b928907ea9d1eca9079713de2fd62353f5e6a2e853	623d2621e7c8242d66ea32b928907ea9d1eca9079713de2fd62353f5e6a2e853	same
RamseyCurrent.SourceCertificateLinks.Chunk0149	828fd3871bfcc2f1a1c4f769df4dc4356f186b3452c1f490899e0a375842c20a	828fd3871bfcc2f1a1c4f769df4dc4356f186b3452c1f490899e0a375842c20a	same
RamseyCurrent.SourceCertificateLinks.Chunk0150	3a9f6b72917a9a20653439cc9495e5034d9521e08acb93550b2a61c91643d79a	3a9f6b72917a9a20653439cc9495e5034d9521e08acb93550b2a61c91643d79a	same
RamseyCurrent.SourceCertificateLinks.Chunk0151	40575dff0626cb41e7838bb6c4af2eb0675229a8af1a0cee00094691f936f34a	40575dff0626cb41e7838bb6c4af2eb0675229a8af1a0cee00094691f936f34a	same
RamseyCurrent.SourceCertificateLinks.Chunk0152	52f8ff7adf0ae781a4153f5df0adf554247d2ff001150d416c53876f84e0a3ca	52f8ff7adf0ae781a4153f5df0adf554247d2ff001150d416c53876f84e0a3ca	same
RamseyCurrent.SourceCertificateLinks.Chunk0153	b0e788d0087bd38b8f4555837fa2310882aef2b907dc64c702c0eeaf84e47700	b0e788d0087bd38b8f4555837fa2310882aef2b907dc64c702c0eeaf84e47700	same
RamseyCurrent.SourceCertificateLinks.Chunk0154	6bf534b9a0f2bf6583e3ee29e8ad121d919bcf964492640b93bf8c201bc11031	6bf534b9a0f2bf6583e3ee29e8ad121d919bcf964492640b93bf8c201bc11031	same
RamseyCurrent.SourceCertificateLinks.Chunk0155	955488e8611cd100d945431c36f7888acda62c186fe1873b6915436445a65693	955488e8611cd100d945431c36f7888acda62c186fe1873b6915436445a65693	same
RamseyCurrent.SourceCertificateLinks.Chunk0156	ca3d3906f1dc8ed41fa0944813bb0d7fe2f047b0f9672ac0bcf5c965b6a042b4	ca3d3906f1dc8ed41fa0944813bb0d7fe2f047b0f9672ac0bcf5c965b6a042b4	same
RamseyCurrent.SourceCertificateLinks.Chunk0157	7fcc9908def093b64ddb2d8aed85307891959818cbe3eaab2984d5d4feac8413	7fcc9908def093b64ddb2d8aed85307891959818cbe3eaab2984d5d4feac8413	same
RamseyCurrent.SourceCertificateLinks.Chunk0158	a5bd47f1f2ef0c9dbcef928af49681977c2b182fa287cf4cf030bd5dc6b95667	a5bd47f1f2ef0c9dbcef928af49681977c2b182fa287cf4cf030bd5dc6b95667	same
RamseyCurrent.SourceCertificateLinks.Chunk0159	f7e1e2a37b2f9b868ed9ebad9d01e41b6c64895b8d1faa5222fa350d96af9daa	f7e1e2a37b2f9b868ed9ebad9d01e41b6c64895b8d1faa5222fa350d96af9daa	same
RamseyCurrent.SourceCertificateLinks.Chunk0160	eb592a1f1295bcbbaadd7af667099cb459b9e8351cde4e0b4b5f8d25f825dad6	eb592a1f1295bcbbaadd7af667099cb459b9e8351cde4e0b4b5f8d25f825dad6	same
RamseyCurrent.SourceCertificateLinks.Chunk0161	3e64995507f697920634639c6ab7882ea42243353dd353234f1a0c3a05180cef	3e64995507f697920634639c6ab7882ea42243353dd353234f1a0c3a05180cef	same
RamseyCurrent.SourceCertificateLinks.Chunk0162	572d20aa45b6c772abb47bab940ead0ccf2072d228cd946bf2adcf9f755e3307	572d20aa45b6c772abb47bab940ead0ccf2072d228cd946bf2adcf9f755e3307	same
RamseyCurrent.SourceCertificateLinks.Chunk0163	c67431ee72c9332e2453967d42167f3db56f76f43dca1b8e3ab5536adcd92808	c67431ee72c9332e2453967d42167f3db56f76f43dca1b8e3ab5536adcd92808	same
RamseyCurrent.SourceCertificateLinks.Chunk0164	d669a3e90af4df93dc2baa097b2eb23fa5a12e130af1aa57ca2ce0685acb536d	d669a3e90af4df93dc2baa097b2eb23fa5a12e130af1aa57ca2ce0685acb536d	same
RamseyCurrent.SourceCertificateLinks.Chunk0165	7ea3859de70f662ce09550183152be0032a9b7f93778432f4bd42d42a8d147b8	7ea3859de70f662ce09550183152be0032a9b7f93778432f4bd42d42a8d147b8	same
RamseyCurrent.SourceCertificateLinks.Chunk0166	3cde4b9e18ae3c66e008a21df2a7a7ce378613a3caa78509f45fe60b026c766d	3cde4b9e18ae3c66e008a21df2a7a7ce378613a3caa78509f45fe60b026c766d	same
RamseyCurrent.SourceCertificateLinks.Chunk0167	de2606cd2a3179f0f68eb18638082584101ea270bf0c7d6b94399bcc37434b34	de2606cd2a3179f0f68eb18638082584101ea270bf0c7d6b94399bcc37434b34	same
RamseyCurrent.SourceCertificateLinks.Chunk0168	efa86520e0c644e3c0d495cc7ccbd236fd2617aafd0382307072c5902bc3e92c	efa86520e0c644e3c0d495cc7ccbd236fd2617aafd0382307072c5902bc3e92c	same
RamseyCurrent.SourceCertificateLinks.Chunk0169	50f1aab0ca97ac92897189c5defb7fc94f44fbb85928c287b0aa5c6cd1d5e97d	50f1aab0ca97ac92897189c5defb7fc94f44fbb85928c287b0aa5c6cd1d5e97d	same
RamseyCurrent.SourceCertificateLinks.Chunk0170	0cd1a72a1b90a22279926d843f3cb6921c4cc94dd9421ec44d5673b908eeecba	0cd1a72a1b90a22279926d843f3cb6921c4cc94dd9421ec44d5673b908eeecba	same
RamseyCurrent.SourceCertificateLinks.Chunk0171	e7a7a44144a21559f0c600f57fa12845fecb1267fc55dd0dec5b6300b239463b	e7a7a44144a21559f0c600f57fa12845fecb1267fc55dd0dec5b6300b239463b	same
RamseyCurrent.SourceCertificateLinks.Chunk0172	8b76bf0d644437b2f99a5c13cd0b047e566bfb7ec71a20e725d9092dd0d98729	8b76bf0d644437b2f99a5c13cd0b047e566bfb7ec71a20e725d9092dd0d98729	same
RamseyCurrent.SourceCertificateLinks.Chunk0173	be5e862a12463487b79c5814140adb22587a230a8013b6584fc23c1a88861cc4	be5e862a12463487b79c5814140adb22587a230a8013b6584fc23c1a88861cc4	same
RamseyCurrent.SourceCertificateLinks.Chunk0174	e98efe97f3bfb9f1e2401eeac33c3c487d2e30bd5d6e06465981b9a9a1b9125b	e98efe97f3bfb9f1e2401eeac33c3c487d2e30bd5d6e06465981b9a9a1b9125b	same
RamseyCurrent.SourceCertificateLinks.Chunk0175	8861adef7fe392f1ab87e6e5f381e8b412f2cff4023fb0711891d816ef79f6ed	8861adef7fe392f1ab87e6e5f381e8b412f2cff4023fb0711891d816ef79f6ed	same
RamseyCurrent.SourceCertificateLinks.Chunk0176	bc57e3ac402e5e2fef949bb9f56109e03bdf88d3e6e4467a767583930a7f7c6b	bc57e3ac402e5e2fef949bb9f56109e03bdf88d3e6e4467a767583930a7f7c6b	same
RamseyCurrent.SourceCertificateLinks.Chunk0177	87da7ee16b1c20af5b199b637352ceca4f568eb6109218e7b691ca5f64dc30bd	87da7ee16b1c20af5b199b637352ceca4f568eb6109218e7b691ca5f64dc30bd	same
RamseyCurrent.SourceCertificateLinks.Chunk0178	0581d0c4af23361e9030ea90a7fd0d39975d37e6b8e24707be930a4f15a6d6b8	0581d0c4af23361e9030ea90a7fd0d39975d37e6b8e24707be930a4f15a6d6b8	same
RamseyCurrent.SourceCertificateLinks.Chunk0179	db9a20db08e3c458e105fff1292353c09201311917ad5d46c68913ef83c7fbce	db9a20db08e3c458e105fff1292353c09201311917ad5d46c68913ef83c7fbce	same
RamseyCurrent.SourceCertificateLinks.Chunk0180	b098bfdfceadc7445895ca57668434836a7d9da085b289fcb8e1fe85c4873fc1	b098bfdfceadc7445895ca57668434836a7d9da085b289fcb8e1fe85c4873fc1	same
RamseyCurrent.SourceCertificateLinks.Chunk0181	0f3cc306c546c68df9beb6cebe9ca8200bc647af2e0826d079ec16e49f4ecd0b	0f3cc306c546c68df9beb6cebe9ca8200bc647af2e0826d079ec16e49f4ecd0b	same
RamseyCurrent.SourceCertificateLinks.Chunk0182	e2df4972fcfcd6107a01cc3757923d14f4f6a03efcba7bcbd87cacc95c884249	e2df4972fcfcd6107a01cc3757923d14f4f6a03efcba7bcbd87cacc95c884249	same
RamseyCurrent.SourceCertificateLinks.Chunk0183	e8a0d21386e327a35cd4d3f4351a95db4da00ed2b237f9100fa9bbc82de530d8	e8a0d21386e327a35cd4d3f4351a95db4da00ed2b237f9100fa9bbc82de530d8	same
RamseyCurrent.SourceCertificateLinks.Chunk0184	7c22934457c68021ea7438fd8ebd2b654bac1d532411a3a83aafc9c5b9c5babc	7c22934457c68021ea7438fd8ebd2b654bac1d532411a3a83aafc9c5b9c5babc	same
RamseyCurrent.SourceCertificateLinks.Chunk0185	8868f904b51c71c55940e807d2dbf4b93d69dd6e1d335e673b5c906ef4b14892	8868f904b51c71c55940e807d2dbf4b93d69dd6e1d335e673b5c906ef4b14892	same
RamseyCurrent.SourceCertificateLinks.Chunk0186	7974c72514e832d3ea43071922999ae03d77fee5d39a8f0b3cf5b47fbb249ae1	7974c72514e832d3ea43071922999ae03d77fee5d39a8f0b3cf5b47fbb249ae1	same
RamseyCurrent.SourceCertificateLinks.Chunk0187	d458feb7d12515a13e9a7026de849fcc820f42f68e802b1ee2ef4dcfc9330a99	d458feb7d12515a13e9a7026de849fcc820f42f68e802b1ee2ef4dcfc9330a99	same
RamseyCurrent.SourceCertificateLinks.Chunk0188	48e4eb63b4ee8996deb82d60088f8951b787ec778681c2820d5ae1731c45c3d5	48e4eb63b4ee8996deb82d60088f8951b787ec778681c2820d5ae1731c45c3d5	same
RamseyCurrent.SourceCertificateLinks.Chunk0189	878ea803378972ac5672dd3bec2e604c982321fae8495d285e8ae6377b748d14	878ea803378972ac5672dd3bec2e604c982321fae8495d285e8ae6377b748d14	same
RamseyCurrent.SourceCertificateLinks.Chunk0190	7c567fa953af20dc070499fdc98c69817ccd9afbee798dbb411f5b1255a1069d	7c567fa953af20dc070499fdc98c69817ccd9afbee798dbb411f5b1255a1069d	same
RamseyCurrent.SourceCertificateLinks.Chunk0191	f3493ada17b4bd2773c0cd356e71a83517c95fad4f3c9ba89bf5e68f9379be08	f3493ada17b4bd2773c0cd356e71a83517c95fad4f3c9ba89bf5e68f9379be08	same
RamseyCurrent.SourceCertificateLinks.Chunk0192	65c852430c9d1afd98c021fe00a3733f4fc2316116a99de8f6b816cef2ab3966	65c852430c9d1afd98c021fe00a3733f4fc2316116a99de8f6b816cef2ab3966	same
RamseyCurrent.SourceCertificateLinks.Chunk0193	729fc80e0bed2816ae3cecce85e39180a2e83e2eda10bc05c0adb14da1f4cd81	729fc80e0bed2816ae3cecce85e39180a2e83e2eda10bc05c0adb14da1f4cd81	same
RamseyCurrent.SourceCertificateLinks.Chunk0194	af1b931afe4cc7f4feca10d96b8808192ced6963e64ccab27d40365d7fcb2541	af1b931afe4cc7f4feca10d96b8808192ced6963e64ccab27d40365d7fcb2541	same
RamseyCurrent.SourceCertificateLinks.Chunk0195	4bf841cd06f92ca6f0e0c595064b56d68aca346f7db0bb227bf9ce623f0499fa	4bf841cd06f92ca6f0e0c595064b56d68aca346f7db0bb227bf9ce623f0499fa	same
RamseyCurrent.SourceCertificateLinks.Chunk0196	ffae0421f0a4f268316114b754a909ffbeb4c3e0b5c5d49a9d8d6983d4e79275	ffae0421f0a4f268316114b754a909ffbeb4c3e0b5c5d49a9d8d6983d4e79275	same
RamseyCurrent.SourceCertificateLinks.Chunk0197	032331b38124ba94b19a0db387dc71324012890488f08f7c5d39b9db7bfba8ac	032331b38124ba94b19a0db387dc71324012890488f08f7c5d39b9db7bfba8ac	same
RamseyCurrent.SourceCertificateLinks.Chunk0198	8cc611e830daa6e82fc62e960d6460610e5e2d9a5ecb2b098f75480ab2072283	8cc611e830daa6e82fc62e960d6460610e5e2d9a5ecb2b098f75480ab2072283	same
RamseyCurrent.SourceCertificateLinks.Chunk0199	8b38e79f0895d9f093f12bd38355b93c85508b6c15a75b1946b3f426175907cb	8b38e79f0895d9f093f12bd38355b93c85508b6c15a75b1946b3f426175907cb	same
RamseyCurrent.SourceCertificateLinks.Chunk0200	94b00d78ded19969bd51605bb2644eb42065fb9c4f1048ce3aebbee0d79b8d29	94b00d78ded19969bd51605bb2644eb42065fb9c4f1048ce3aebbee0d79b8d29	same
RamseyCurrent.SourceCertificateLinks.Chunk0201	cadcf7264476336eee1385944ec2e16a555e47c0a55c2741e6d1e2a82052582c	cadcf7264476336eee1385944ec2e16a555e47c0a55c2741e6d1e2a82052582c	same
RamseyCurrent.SourceCertificateLinks.Chunk0202	1e0747ee05301553a4ec92186cbfa8d20321a57a8cbe697f9812c92d5ac9f98e	1e0747ee05301553a4ec92186cbfa8d20321a57a8cbe697f9812c92d5ac9f98e	same
RamseyCurrent.SourceCertificateLinks.Chunk0203	70b8154093f25ff5f0e92c94eef9a25574890149caed8893f6ac5958765be05c	70b8154093f25ff5f0e92c94eef9a25574890149caed8893f6ac5958765be05c	same
RamseyCurrent.SourceCertificateLinks.Chunk0204	56538e949f844bfc56234c6a3c50443dc134576b8b316e27caba19a7ce32e7cd	56538e949f844bfc56234c6a3c50443dc134576b8b316e27caba19a7ce32e7cd	same
RamseyCurrent.SourceCertificateLinks.Chunk0205	7ded2bd35b0420410432c4634363d9acd67ddb92c6d23a2323ff64f50c7a17f0	7ded2bd35b0420410432c4634363d9acd67ddb92c6d23a2323ff64f50c7a17f0	same
RamseyCurrent.SourceCertificateLinks.Chunk0206	621550d704a4eed2da92eb8491d74c72546be54fcfa27cd4a477db65a5218e04	621550d704a4eed2da92eb8491d74c72546be54fcfa27cd4a477db65a5218e04	same
RamseyCurrent.SourceCertificateLinks.Chunk0207	c16ef22d30c4e70f8933863407228ca984c9723dea90642583a9619e52b23448	c16ef22d30c4e70f8933863407228ca984c9723dea90642583a9619e52b23448	same
RamseyCurrent.SourceCertificateLinks.Chunk0208	5dfe24ff5bd65b1fb0e6b9ea0c3b4e2c1f81c84a5ecca6d4f90c2f8c4b7ecd6c	5dfe24ff5bd65b1fb0e6b9ea0c3b4e2c1f81c84a5ecca6d4f90c2f8c4b7ecd6c	same
RamseyCurrent.SourceCertificateLinks.Chunk0209	dbe6ae717890858a348af890dd513b73e83e1397d6cc00a16459c065352112a6	dbe6ae717890858a348af890dd513b73e83e1397d6cc00a16459c065352112a6	same
RamseyCurrent.SourceCertificateLinks.Chunk0210	49a6167361cce52a11447abb0219e92642f90d93d048d430a8fb6e8091217035	49a6167361cce52a11447abb0219e92642f90d93d048d430a8fb6e8091217035	same
RamseyCurrent.SourceCertificateLinks.Chunk0211	b99621be704b90f72a9bfdd55c4a5e67bf1709a6b7764aa84db5fefefa031644	b99621be704b90f72a9bfdd55c4a5e67bf1709a6b7764aa84db5fefefa031644	same
RamseyCurrent.SourceCertificateLinks.Chunk0212	f6fc590f015cc993635442a648823296e215ea3c2343d3120facf1e2a005c989	f6fc590f015cc993635442a648823296e215ea3c2343d3120facf1e2a005c989	same
RamseyCurrent.SourceCertificateLinks.Chunk0213	47062323a1f5420f0543bc380b42e41968e720d9e5d6909feb8e91b0fdb28a1f	47062323a1f5420f0543bc380b42e41968e720d9e5d6909feb8e91b0fdb28a1f	same
RamseyCurrent.SourceCertificateLinks.Chunk0214	272b15436ee732c15da1aa7d61a15e5456e802dfa892373a1b46146c5489d2ce	272b15436ee732c15da1aa7d61a15e5456e802dfa892373a1b46146c5489d2ce	same
RamseyCurrent.SourceCertificateLinks.Chunk0215	2b934472863b7e05a791232d59300888fee4c6d8e394271fa6c7e033cdf5d0be	2b934472863b7e05a791232d59300888fee4c6d8e394271fa6c7e033cdf5d0be	same
RamseyCurrent.SourceCertificateLinks.Chunk0216	fa71283fbe8323424c199b9dad9304bec640b35e9d2ad411ed2aa08781942565	fa71283fbe8323424c199b9dad9304bec640b35e9d2ad411ed2aa08781942565	same
RamseyCurrent.SourceCertificateLinks.Chunk0217	507952c583e0411f092588b881d02cbf4daf5df7c4fddb6b74bec6d279b3b7a9	507952c583e0411f092588b881d02cbf4daf5df7c4fddb6b74bec6d279b3b7a9	same
RamseyCurrent.SourceCertificateLinks.Chunk0218	4e19a5fc086f9c497d4e2897b14efae7fa44ffb7b51b51ddde10760a95a72dd4	4e19a5fc086f9c497d4e2897b14efae7fa44ffb7b51b51ddde10760a95a72dd4	same
RamseyCurrent.SourceCertificateLinks.Chunk0219	87d7f4fc451b2e76c91cdbd8b55f3c9e89160c3dd0c2965723e9f2f8f2d426bc	87d7f4fc451b2e76c91cdbd8b55f3c9e89160c3dd0c2965723e9f2f8f2d426bc	same
RamseyCurrent.SourceCertificateLinks.Chunk0220	2e3e16c4fe66cda34a6dffcddb70ae24ca00b98f49a4a98e63e0c9744fa20bf3	2e3e16c4fe66cda34a6dffcddb70ae24ca00b98f49a4a98e63e0c9744fa20bf3	same
RamseyCurrent.SourceCertificateLinks.Chunk0221	c27c6d65614603247f16dcfb8581bffceb49309211a56c20fdc5f020268de25e	c27c6d65614603247f16dcfb8581bffceb49309211a56c20fdc5f020268de25e	same
RamseyCurrent.SourceCertificateLinks.Chunk0222	0d25fd8f57b6de65e838dc1f3bdacefbd24e2b61b0eee0bb3834c9b0fc89000c	0d25fd8f57b6de65e838dc1f3bdacefbd24e2b61b0eee0bb3834c9b0fc89000c	same
RamseyCurrent.SourceCertificateLinks.Chunk0223	9afe376edd70b2b2da7bbb4a2d27792207aba6d1bc61bf1eccbbc89a7672f6e8	9afe376edd70b2b2da7bbb4a2d27792207aba6d1bc61bf1eccbbc89a7672f6e8	same
RamseyCurrent.SourceCertificateLinks.Chunk0224	8798deabaddf9e01ca6f4b7f4ea1b6b30443eb2e0574dbbd0eb0c70739a97158	8798deabaddf9e01ca6f4b7f4ea1b6b30443eb2e0574dbbd0eb0c70739a97158	same
RamseyCurrent.SourceCertificateLinks.Chunk0225	6a7d068f0f4cae9d19dd6d0a84a3972d1e6b4ab36917cd8dbb6aa02eb4fe9a86	6a7d068f0f4cae9d19dd6d0a84a3972d1e6b4ab36917cd8dbb6aa02eb4fe9a86	same
RamseyCurrent.SourceCertificateLinks.Chunk0226	61e66f01c5945a6ef850ca530c83be65c93bed1dcfedd645612f299a1c23276a	61e66f01c5945a6ef850ca530c83be65c93bed1dcfedd645612f299a1c23276a	same
RamseyCurrent.SourceCertificateLinks.Chunk0227	c0dcee7669642a96a27ee3a73d9582005a999c2c08298dfe62f0753d698018db	c0dcee7669642a96a27ee3a73d9582005a999c2c08298dfe62f0753d698018db	same
RamseyCurrent.SourceCertificateLinks.Chunk0228	602acd234bc6fd81cca78788c6fb8ce24039608e56a330400e70c2d526554eef	602acd234bc6fd81cca78788c6fb8ce24039608e56a330400e70c2d526554eef	same
RamseyCurrent.SourceCertificateLinks.Chunk0229	bc99fd4fdcd337079834cc620f2719cd1f7535826797f4cbb893872339c6bfb2	bc99fd4fdcd337079834cc620f2719cd1f7535826797f4cbb893872339c6bfb2	same
RamseyCurrent.SourceCertificateLinks.Chunk0230	061537c81253fdd491240374e7d2deb44b3f0ed27c47d268ea7e05481d429843	061537c81253fdd491240374e7d2deb44b3f0ed27c47d268ea7e05481d429843	same
RamseyCurrent.SourceCertificateLinks.Chunk0231	662f742d12d55d4ccbe24a36acdb848e638aa0945729fe71503b074dd66713a4	662f742d12d55d4ccbe24a36acdb848e638aa0945729fe71503b074dd66713a4	same
RamseyCurrent.SourceCertificateLinks.Chunk0232	dae622e81e809aadaae1f82b789c0d8d3fa0664eef5246185216755e895eae02	dae622e81e809aadaae1f82b789c0d8d3fa0664eef5246185216755e895eae02	same
RamseyCurrent.SourceCertificateLinks.Chunk0233	d0a52a4518a631b3528c38c4fe42dc59c9ab7040ce080e6d5c377fdcbe65156f	d0a52a4518a631b3528c38c4fe42dc59c9ab7040ce080e6d5c377fdcbe65156f	same
RamseyCurrent.SourceCertificateLinks.Chunk0234	4be1460f966a7d6629de857add862a84967bd7ea12bca74880c0db4b29aef36e	4be1460f966a7d6629de857add862a84967bd7ea12bca74880c0db4b29aef36e	same
RamseyCurrent.SourceCertificateLinks.Chunk0235	7a5dec16d39dbd9408a3fbf88b7c52098bb5385b7bd7efa273d35e3d92809592	7a5dec16d39dbd9408a3fbf88b7c52098bb5385b7bd7efa273d35e3d92809592	same
RamseyCurrent.SourceCertificateLinks.Chunk0236	d28191270bb5135da2535bc756b8fa44e4b7a0d55fa9fe299cb712139cd63bc4	d28191270bb5135da2535bc756b8fa44e4b7a0d55fa9fe299cb712139cd63bc4	same
RamseyCurrent.SourceCertificateLinks.Chunk0237	8ebc2ac6c4ec7b8d468c728731831d21ed15068c05c7018cc5c4e8f627abb063	8ebc2ac6c4ec7b8d468c728731831d21ed15068c05c7018cc5c4e8f627abb063	same
RamseyCurrent.SourceCertificateLinks.Chunk0238	87d9fe1aa6e87bbab180db7ec582e3358e2c7db15a10d46f402900a3897bbb6e	87d9fe1aa6e87bbab180db7ec582e3358e2c7db15a10d46f402900a3897bbb6e	same
RamseyCurrent.SourceCertificateLinks.Chunk0239	f30214f8357990d712609c44ad4320c6647728ba5fd11ff81504bea949b62c8b	f30214f8357990d712609c44ad4320c6647728ba5fd11ff81504bea949b62c8b	same
RamseyCurrent.SourceCertificateLinks.Chunk0240	2d164959c296dc5dd96da75b098bf9677cf472f2b839e89e592c7665dfbaf21f	2d164959c296dc5dd96da75b098bf9677cf472f2b839e89e592c7665dfbaf21f	same
RamseyCurrent.SourceCertificateLinks.Chunk0241	42892cf1fa9917c51ae3025754a65f6cfc14527f65f799cc7e7087a0a620a379	42892cf1fa9917c51ae3025754a65f6cfc14527f65f799cc7e7087a0a620a379	same
RamseyCurrent.SourceCertificateLinks.Chunk0242	ac6aaf0300d90fd752407c535140d808732d5f9328ea83f4c8c6c30a3899ac16	ac6aaf0300d90fd752407c535140d808732d5f9328ea83f4c8c6c30a3899ac16	same
RamseyCurrent.SourceCertificateLinks.Chunk0243	704cc168bd30a29d54f4a6820793bef474a3698de376644a461dfb4b1ca45e5f	704cc168bd30a29d54f4a6820793bef474a3698de376644a461dfb4b1ca45e5f	same
RamseyCurrent.SourceCertificateLinks.Chunk0244	6b1cdbcacc013381f530de4e9ec253a7a66cc96ff0ed7900dbf474bbd8ddc3b7	6b1cdbcacc013381f530de4e9ec253a7a66cc96ff0ed7900dbf474bbd8ddc3b7	same
RamseyCurrent.SourceCertificateLinks.Chunk0245	ed684cccbd97c8e0083e319f39c4bbc757575fd8b7be0c4e1857cc5ec0f9c57c	ed684cccbd97c8e0083e319f39c4bbc757575fd8b7be0c4e1857cc5ec0f9c57c	same
RamseyCurrent.SourceCertificateLinks.Chunk0246	05a931ca939157bc464d4512712318e759cc8f76ea8e635d93146ca195f8ecc3	05a931ca939157bc464d4512712318e759cc8f76ea8e635d93146ca195f8ecc3	same
RamseyCurrent.SourceCertificateLinks.Chunk0247	c21a5bf9f56f4c8f46d12231da0d2c22c3908902e49d567cc67fa93c8b09173c	c21a5bf9f56f4c8f46d12231da0d2c22c3908902e49d567cc67fa93c8b09173c	same
RamseyCurrent.SourceCertificateLinks.Chunk0248	0dabb159b0370b96e8212e6fd3d7e5c55cb900386844624af4c9d6f43ede79a7	0dabb159b0370b96e8212e6fd3d7e5c55cb900386844624af4c9d6f43ede79a7	same
RamseyCurrent.SourceCertificateLinks.Chunk0249	9f1111dc5e67998794462c8be0b183c70800493b175fe744160d2577679722a2	9f1111dc5e67998794462c8be0b183c70800493b175fe744160d2577679722a2	same
RamseyCurrent.SourceCertificateLinks.Chunk0250	eb5b1f8144b985c58cb81adf2031309df28929411c68eab0dd6625074fd7f93f	eb5b1f8144b985c58cb81adf2031309df28929411c68eab0dd6625074fd7f93f	same
RamseyCurrent.SourceCertificateLinks.Chunk0251	a4b0d7e0535f2967d850015f82c5e4e35780d615594120de65438d8f7b9e40b1	a4b0d7e0535f2967d850015f82c5e4e35780d615594120de65438d8f7b9e40b1	same
RamseyCurrent.SourceCertificateLinks.Chunk0252	647782aa0b12d12e8ac52e04a55ae7e97882cd25b42534e39183722e7900cf8b	647782aa0b12d12e8ac52e04a55ae7e97882cd25b42534e39183722e7900cf8b	same
RamseyCurrent.SourceCertificateLinks.Chunk0253	9c2aae6735a3e7f7df0849cf572da815646e2b5f5ebe268d0870433c9b192db6	9c2aae6735a3e7f7df0849cf572da815646e2b5f5ebe268d0870433c9b192db6	same
RamseyCurrent.SourceCertificateLinks.Chunk0254	5ce1ce0982fb53e4f93cef6b9930e14ab2cdd566ff434e4f445ed4bda9758855	5ce1ce0982fb53e4f93cef6b9930e14ab2cdd566ff434e4f445ed4bda9758855	same
RamseyCurrent.SourceCertificateLinks.Chunk0255	d4f97c1fd57d1781cc01a0f342b478dcb72e836b5bd6b30193b0cc6c64132a73	d4f97c1fd57d1781cc01a0f342b478dcb72e836b5bd6b30193b0cc6c64132a73	same
RamseyCurrent.SourceCertificateLinks.Chunk0256	ed5267e7c7a40092e5e5dec54d0d9befeb48880e2473d0f9b3bd1afaa241aba2	ed5267e7c7a40092e5e5dec54d0d9befeb48880e2473d0f9b3bd1afaa241aba2	same
RamseyCurrent.SourceCertificateLinks.Chunk0257	2d8b801dc90257a61b0de086e7a1c4b956640bc241b7d958276a25db56355128	2d8b801dc90257a61b0de086e7a1c4b956640bc241b7d958276a25db56355128	same
RamseyCurrent.SourceCertificateLinks.Chunk0258	db961a3c1dbea8f2d0a4827b7c8413c154d88c94ac5f605d124f5934049531a6	db961a3c1dbea8f2d0a4827b7c8413c154d88c94ac5f605d124f5934049531a6	same
RamseyCurrent.SourceCertificateLinks.Chunk0259	efca3787ac56862a61edd276c5c36bbc5c86b4a7815b9f2615b07304cf4be286	efca3787ac56862a61edd276c5c36bbc5c86b4a7815b9f2615b07304cf4be286	same
RamseyCurrent.SourceCertificateLinks.Chunk0260	d4b46ce9f1573eadb3d33911ea6052a954969b06c2ee7d66c6c8def6b23115b4	d4b46ce9f1573eadb3d33911ea6052a954969b06c2ee7d66c6c8def6b23115b4	same
RamseyCurrent.SourceCertificateLinks.Chunk0261	873eb0a2c9fb2f13b6e008b96afd4f3797be73ca0ae3f13ed789061aa78c8b4b	873eb0a2c9fb2f13b6e008b96afd4f3797be73ca0ae3f13ed789061aa78c8b4b	same
RamseyCurrent.SourceCertificateLinks.Chunk0262	b0e07ff3c888a63602e10317494ff0140d94f56ef82799f3f839538e5b9b7289	b0e07ff3c888a63602e10317494ff0140d94f56ef82799f3f839538e5b9b7289	same
RamseyCurrent.SourceCertificateLinks.Chunk0263	13b76dff2d35d86b57ad00f1baa9cff7c42a108d63057608386f33bd7f2599eb	13b76dff2d35d86b57ad00f1baa9cff7c42a108d63057608386f33bd7f2599eb	same
RamseyCurrent.SourceCertificateLinks.Chunk0264	0e5ba76c32ea7a56aa064797a05dbeb9866704b4b5afd0cae2aad8dfa33acfad	0e5ba76c32ea7a56aa064797a05dbeb9866704b4b5afd0cae2aad8dfa33acfad	same
RamseyCurrent.SourceCertificateLinks.Chunk0265	4e282c8efced1c91bbc147647b34d5d5f2492e62f88965d440c6cf7cdd59df3d	4e282c8efced1c91bbc147647b34d5d5f2492e62f88965d440c6cf7cdd59df3d	same
RamseyCurrent.SourceCertificateLinks.Chunk0266	c2ad4b2668459b4f33896a8fa29b9a8d72f00bcc33b3c804823da0d6774aea09	c2ad4b2668459b4f33896a8fa29b9a8d72f00bcc33b3c804823da0d6774aea09	same
RamseyCurrent.SourceCertificateLinks.Chunk0267	7ea202f245c037e9e1cea4814f7291caa8ec50af20db53594aa21240d6691efd	7ea202f245c037e9e1cea4814f7291caa8ec50af20db53594aa21240d6691efd	same
RamseyCurrent.SourceCertificateLinks.Chunk0268	8eac6b242b6b7226fb7ec956c6ed0274388e7c7f65a97f9cd2e53ef7ead0fa98	8eac6b242b6b7226fb7ec956c6ed0274388e7c7f65a97f9cd2e53ef7ead0fa98	same
RamseyCurrent.SourceCertificateLinks.Chunk0269	84e9b60e7a7fb9c946cee10a684a736ae3e3dc78dfecc1b8c7fca4342ffcb645	84e9b60e7a7fb9c946cee10a684a736ae3e3dc78dfecc1b8c7fca4342ffcb645	same
RamseyCurrent.SourceCertificateLinks.Chunk0270	807f4200f1cceb2b3431c0be5566371e5e0564f0ff125d9533fee5d400c2a6e1	807f4200f1cceb2b3431c0be5566371e5e0564f0ff125d9533fee5d400c2a6e1	same
RamseyCurrent.SourceCertificateLinks.Chunk0271	9851b7a27eeb9c91b23db89f3858d904d19c68eec122f9fc663ec33ff862c990	9851b7a27eeb9c91b23db89f3858d904d19c68eec122f9fc663ec33ff862c990	same
RamseyCurrent.SourceCertificateLinks.Chunk0272	3317595970e7420ae8f8e9058c3346e43c4b70fd4c0634295fb1fc104d89f197	3317595970e7420ae8f8e9058c3346e43c4b70fd4c0634295fb1fc104d89f197	same
RamseyCurrent.SourceCertificateLinks.Chunk0273	6e30d5371ac9d0602cef9469cf1ec87e2b4947151a1b65fa652494726639d47a	6e30d5371ac9d0602cef9469cf1ec87e2b4947151a1b65fa652494726639d47a	same
RamseyCurrent.SourceCertificateLinks.Chunk0274	a93f1eb5425b42a05fb17844b1dcb1e0d0b5424bdf9161cc2623d3384f179883	a93f1eb5425b42a05fb17844b1dcb1e0d0b5424bdf9161cc2623d3384f179883	same
RamseyCurrent.SourceCertificateLinks.Chunk0275	9d6b99ccc50612e3ea728442839445c069238865285aff9c1374f76909c3b9d8	9d6b99ccc50612e3ea728442839445c069238865285aff9c1374f76909c3b9d8	same
RamseyCurrent.SourceCertificateLinks.Chunk0276	6ff9dba5c92d72d7d1fc52d201b3c9f604115772ffef0f4a0cc7048113719b83	6ff9dba5c92d72d7d1fc52d201b3c9f604115772ffef0f4a0cc7048113719b83	same
RamseyCurrent.SourceCertificateLinks.Chunk0277	dca795c0c0f3020f6eb5ce29baad815e14b4e2a8cf3df909d6d48c699cce4a5c	dca795c0c0f3020f6eb5ce29baad815e14b4e2a8cf3df909d6d48c699cce4a5c	same
RamseyCurrent.SourceCertificateLinks.Chunk0278	3102c6b5428b654c066057d237a4da19959fa5b5d0bc33dfa93367dd91b36006	3102c6b5428b654c066057d237a4da19959fa5b5d0bc33dfa93367dd91b36006	same
RamseyCurrent.SourceCertificateLinks.Chunk0279	a5a7737f53786da2159db59273951865a4cad1fbcf50b7148303d2783698bd8f	a5a7737f53786da2159db59273951865a4cad1fbcf50b7148303d2783698bd8f	same
RamseyCurrent.SourceCertificateLinks.Chunk0280	b7e3b263f588de458a1be7292c8db3b9233435a7f079980b55485ae398b8c41f	b7e3b263f588de458a1be7292c8db3b9233435a7f079980b55485ae398b8c41f	same
RamseyCurrent.SourceCertificateLinks.Chunk0281	2a040815c5c51b1bbdbe0e8cdfaae06849faccc5f1d4f6b582d8eca42337aa7d	2a040815c5c51b1bbdbe0e8cdfaae06849faccc5f1d4f6b582d8eca42337aa7d	same
RamseyCurrent.SourceCertificateLinks.Chunk0282	567c069b44938d779e5d7d6b853efb3ec8e742d4a389f5cf9c7c433e3c8d8d4b	567c069b44938d779e5d7d6b853efb3ec8e742d4a389f5cf9c7c433e3c8d8d4b	same
RamseyCurrent.SourceCertificateLinks.Chunk0283	5bc682b49dc8bf2d911692af00797f67d9d4b7280d78d232e40a2e6b88dbdbd1	5bc682b49dc8bf2d911692af00797f67d9d4b7280d78d232e40a2e6b88dbdbd1	same
RamseyCurrent.SourceCertificateLinks.Chunk0284	124e39ff3e4539288a5bf5a56d5bc6609b8ccb341d1994da53cbde2d781e6ff1	124e39ff3e4539288a5bf5a56d5bc6609b8ccb341d1994da53cbde2d781e6ff1	same
RamseyCurrent.SourceCertificateLinks.Chunk0285	6e67bf33d3bb4da69dac4ab7f3bce952613520e60c92bbbe2921fcbf87da82f6	6e67bf33d3bb4da69dac4ab7f3bce952613520e60c92bbbe2921fcbf87da82f6	same
RamseyCurrent.SourceCertificateLinks.Chunk0286	96e6f5682940ad41dbfe11cf42a7fddb5dddf6cbb09c916df9796b778c62bf07	96e6f5682940ad41dbfe11cf42a7fddb5dddf6cbb09c916df9796b778c62bf07	same
RamseyCurrent.SourceCertificateLinks.Chunk0287	e78ee11f846325d2891acc628a354d325d21c9042379a8016bd26fce70512b03	e78ee11f846325d2891acc628a354d325d21c9042379a8016bd26fce70512b03	same
RamseyCurrent.SourceCertificateSound	b620046a977b9f32a22c31eaf3cb5cd465f16f4996e33b70609605abe8c5a8e9	b620046a977b9f32a22c31eaf3cb5cd465f16f4996e33b70609605abe8c5a8e9	same
RamseyCurrent.SourceCertificates.Chunk0000	64904f5685f32618266649adc48b017e237a287e6d1044da5473c426c25d4de3	64904f5685f32618266649adc48b017e237a287e6d1044da5473c426c25d4de3	same
RamseyCurrent.SourceCertificates.Chunk0001	a27281d544de39d68663a7d9ad7a4fce057de52c1525ab728056e8ff9221ccbd	a27281d544de39d68663a7d9ad7a4fce057de52c1525ab728056e8ff9221ccbd	same
RamseyCurrent.SourceCertificates.Chunk0002	8e96560dc3a49deb5e33d0f38cd0e182d19d2ebc9257bae3ba6e62d738a4488c	8e96560dc3a49deb5e33d0f38cd0e182d19d2ebc9257bae3ba6e62d738a4488c	same
RamseyCurrent.SourceCertificates.Chunk0003	533643997b918b090cc7e83ba8f88df632fa38b0022193c822c1eb159e8b969c	533643997b918b090cc7e83ba8f88df632fa38b0022193c822c1eb159e8b969c	same
RamseyCurrent.SourceCertificates.Chunk0004	ac5942ba507387373be426671dcd151a5050a4523362c5057bb134b8f266faa5	ac5942ba507387373be426671dcd151a5050a4523362c5057bb134b8f266faa5	same
RamseyCurrent.SourceCertificates.Chunk0005	365cf5b74b3e2015fd48b8994ea1decd0aa21b549f0e1396a9c69bbb1db03512	365cf5b74b3e2015fd48b8994ea1decd0aa21b549f0e1396a9c69bbb1db03512	same
RamseyCurrent.SourceCertificates.Chunk0006	57405b096ee327d2bf6c0e4c19e55ce2422d2002dba1234a504d2be53fef3e83	57405b096ee327d2bf6c0e4c19e55ce2422d2002dba1234a504d2be53fef3e83	same
RamseyCurrent.SourceCertificates.Chunk0007	55331a669fe192a7d6d7c4b0813571403a54cc155dd9f869fd7717ebb2f0b3e8	55331a669fe192a7d6d7c4b0813571403a54cc155dd9f869fd7717ebb2f0b3e8	same
RamseyCurrent.SourceCertificates.Chunk0008	e9043fc34ab4d9940233d2dd03326ba19a8042a69196a1aac136343800075fe5	e9043fc34ab4d9940233d2dd03326ba19a8042a69196a1aac136343800075fe5	same
RamseyCurrent.SourceCertificates.Chunk0009	652cf8bb3da3c4a72455ba30a270e4dea3b2a64fbba57e01c265c0aa760b70f6	652cf8bb3da3c4a72455ba30a270e4dea3b2a64fbba57e01c265c0aa760b70f6	same
RamseyCurrent.SourceCertificates.Chunk0010	93960be3b166a7b2a3ca93bbf318c86d937966cfcf6da0048d13b87e693cb8e3	93960be3b166a7b2a3ca93bbf318c86d937966cfcf6da0048d13b87e693cb8e3	same
RamseyCurrent.SourceCertificates.Chunk0011	1a06ef4f95c69d37e260f7662e51d4e0b9557b43ddd3ad9755f2d6be560a8d7f	1a06ef4f95c69d37e260f7662e51d4e0b9557b43ddd3ad9755f2d6be560a8d7f	same
RamseyCurrent.SourceCertificates.Chunk0012	c24cf9acf555b244adf2f27287cf7e87aa1f754a055bac07c76dd039a5d1bdf8	c24cf9acf555b244adf2f27287cf7e87aa1f754a055bac07c76dd039a5d1bdf8	same
RamseyCurrent.SourceCertificates.Chunk0013	1d42f64f4631667e7acc4027082d616b848aea6a18d4beddf7c40393be0b1317	1d42f64f4631667e7acc4027082d616b848aea6a18d4beddf7c40393be0b1317	same
RamseyCurrent.SourceCertificates.Chunk0014	79b13479633e647c2990e74ac151edfd69913ac678f5773ad7ea6017db11a758	79b13479633e647c2990e74ac151edfd69913ac678f5773ad7ea6017db11a758	same
RamseyCurrent.SourceCertificates.Chunk0015	e39fe1642957e993c1e599cd00ff2e003d16c179561a0f672f16b2100489d046	e39fe1642957e993c1e599cd00ff2e003d16c179561a0f672f16b2100489d046	same
RamseyCurrent.SourceCertificates.Chunk0016	33dbb3781bfac1dded22bdd29d4f816a9804a7c8cc011cf9c1c534fae5484e37	33dbb3781bfac1dded22bdd29d4f816a9804a7c8cc011cf9c1c534fae5484e37	same
RamseyCurrent.SourceCertificates.Chunk0017	7dea555634a9c2dc64d3b86289fc4ac7de27b0aaac5505e144d585863065daa9	7dea555634a9c2dc64d3b86289fc4ac7de27b0aaac5505e144d585863065daa9	same
RamseyCurrent.SourceCertificates.Chunk0018	257b8fbfbbed60634c534609180d810dc8c8f34d9af0b7fcfad1089846ea3aa6	257b8fbfbbed60634c534609180d810dc8c8f34d9af0b7fcfad1089846ea3aa6	same
RamseyCurrent.SourceCertificates.Chunk0019	2a72c2582e186a42bb0b51590fe0c28f2fe2262ea04717ce94e3486eb4ade6c5	2a72c2582e186a42bb0b51590fe0c28f2fe2262ea04717ce94e3486eb4ade6c5	same
RamseyCurrent.SourceCertificates.Chunk0020	387de01c2d1fd33c968211bb8b23c41f6bf94dd1b58d82ef987ebcb666e6168e	387de01c2d1fd33c968211bb8b23c41f6bf94dd1b58d82ef987ebcb666e6168e	same
RamseyCurrent.SourceCertificates.Chunk0021	f3da0d006630febdbc5ba5cebd0605e3dcdb594efd9068380413594ca0ae0d42	f3da0d006630febdbc5ba5cebd0605e3dcdb594efd9068380413594ca0ae0d42	same
RamseyCurrent.SourceCertificates.Chunk0022	1def0d2d43723198a934197cbc04bff5fb10189a5f77bbf455fdc47bfb9fdb11	1def0d2d43723198a934197cbc04bff5fb10189a5f77bbf455fdc47bfb9fdb11	same
RamseyCurrent.SourceCertificates.Chunk0023	72fae230430c3f539b8ea9e59267c9484ef0b8f8033f4e416f115dbeb18b316a	72fae230430c3f539b8ea9e59267c9484ef0b8f8033f4e416f115dbeb18b316a	same
RamseyCurrent.SourceCertificates.Chunk0024	f45c233ceeb1cbf058e45aac64285ed0947d153114129d469b38a6ae8848c5c5	f45c233ceeb1cbf058e45aac64285ed0947d153114129d469b38a6ae8848c5c5	same
RamseyCurrent.SourceCertificates.Chunk0025	087c8904d26c2efc9e5cc7da963b1da86c54882a12ff8d43e6ec6b9f8257ade1	087c8904d26c2efc9e5cc7da963b1da86c54882a12ff8d43e6ec6b9f8257ade1	same
RamseyCurrent.SourceCertificates.Chunk0026	37e8cc64d13b4d09e58cc1e99bfb38f3b2b7a7f62494a55f01eb02f50003faac	37e8cc64d13b4d09e58cc1e99bfb38f3b2b7a7f62494a55f01eb02f50003faac	same
RamseyCurrent.SourceCertificates.Chunk0027	297967176519297bbb36aa5594d4cb517ccfe7ab333f5574cfc7bde7a0faf7c6	297967176519297bbb36aa5594d4cb517ccfe7ab333f5574cfc7bde7a0faf7c6	same
RamseyCurrent.SourceCertificates.Chunk0028	916731dcdcd9650e82ee9b97cdedfbd48f78f44531ec7a32cfc30d1dd5da719a	916731dcdcd9650e82ee9b97cdedfbd48f78f44531ec7a32cfc30d1dd5da719a	same
RamseyCurrent.SourceCertificates.Chunk0029	d137ff9c85cbb919754012813b53c5a1dec6a75dffdc810192be4c7222316e9d	d137ff9c85cbb919754012813b53c5a1dec6a75dffdc810192be4c7222316e9d	same
RamseyCurrent.SourceCertificates.Chunk0030	e30a070c090686332c8b225eedfcbd0b6047d687dab3605e0f476af519a51d0b	e30a070c090686332c8b225eedfcbd0b6047d687dab3605e0f476af519a51d0b	same
RamseyCurrent.SourceCertificates.Chunk0031	294b74d2ee5ecf77984b48f637e6f97ce082a2d33304373df1ce4273818d06ac	294b74d2ee5ecf77984b48f637e6f97ce082a2d33304373df1ce4273818d06ac	same
RamseyCurrent.SourceCertificates.Chunk0032	c0a5bf3b944731f27086a32fc172b06586ec61bc4cde52baf9a673d09990ba56	c0a5bf3b944731f27086a32fc172b06586ec61bc4cde52baf9a673d09990ba56	same
RamseyCurrent.SourceCertificates.Chunk0033	f544bbe0a4145b9a05aa56fdd14c7aa4003b090c51d25e0adb6f1b3c24b70637	f544bbe0a4145b9a05aa56fdd14c7aa4003b090c51d25e0adb6f1b3c24b70637	same
RamseyCurrent.SourceCertificates.Chunk0034	d3bcb0464196c548a6995e24c1d55324df1e6f80ab07f094e6e101d93e05a57b	d3bcb0464196c548a6995e24c1d55324df1e6f80ab07f094e6e101d93e05a57b	same
RamseyCurrent.SourceCertificates.Chunk0035	04ba4906718203cdacd016cf6f13fc0edae8303addbf5eb33bf4aa11a3d4f58a	04ba4906718203cdacd016cf6f13fc0edae8303addbf5eb33bf4aa11a3d4f58a	same
RamseyCurrent.SourceCertificates.Chunk0036	67556e7a9559cf4ac9361fefd1a15938fe4ad4be2e449dcd73aba93e0818269c	67556e7a9559cf4ac9361fefd1a15938fe4ad4be2e449dcd73aba93e0818269c	same
RamseyCurrent.SourceCertificates.Chunk0037	360f1eca382c2f9a9d720d2c8cbdbf586876bdcfe13d24f91fc3c0f694cfb9c7	360f1eca382c2f9a9d720d2c8cbdbf586876bdcfe13d24f91fc3c0f694cfb9c7	same
RamseyCurrent.SourceCertificates.Chunk0038	4bcfbc7db7854a4320c4dbfbc36520fead88d468c88c0861be4c16c067c28f90	4bcfbc7db7854a4320c4dbfbc36520fead88d468c88c0861be4c16c067c28f90	same
RamseyCurrent.SourceCertificates.Chunk0039	af4ed32a4751df726f244f3129c81a290cdca0d96656c149dfbaf8dcc3b50194	af4ed32a4751df726f244f3129c81a290cdca0d96656c149dfbaf8dcc3b50194	same
RamseyCurrent.SourceCertificates.Chunk0040	fb3479261b84c7693232041451249d0ed73ec5e9faaa78ebc00eb749dd64ef7d	fb3479261b84c7693232041451249d0ed73ec5e9faaa78ebc00eb749dd64ef7d	same
RamseyCurrent.SourceCertificates.Chunk0041	3bfeb64c51cade591c7d48c234f041bf79c12dfda9a6a6c3ff0bb18f196c5956	3bfeb64c51cade591c7d48c234f041bf79c12dfda9a6a6c3ff0bb18f196c5956	same
RamseyCurrent.SourceCertificates.Chunk0042	bcf8f6a42fce5c98580f570771db3adb9db4c6eda9e182c5ef067abb4ba2652a	bcf8f6a42fce5c98580f570771db3adb9db4c6eda9e182c5ef067abb4ba2652a	same
RamseyCurrent.SourceCertificates.Chunk0043	51eded4297ff86bb95cac8f6caaf9288a2176a524101dc3931d9952fcbeb50a5	51eded4297ff86bb95cac8f6caaf9288a2176a524101dc3931d9952fcbeb50a5	same
RamseyCurrent.SourceCertificates.Chunk0044	dea0942e51ec7e9c7cf16d721e27f07b05f4a84ca4c5dc27620c76b8bdc27a6f	dea0942e51ec7e9c7cf16d721e27f07b05f4a84ca4c5dc27620c76b8bdc27a6f	same
RamseyCurrent.SourceCertificates.Chunk0045	1435d0e1630af420522d353573f49bfb28c6064477fc3fa56c334229fbfabbff	1435d0e1630af420522d353573f49bfb28c6064477fc3fa56c334229fbfabbff	same
RamseyCurrent.SourceCertificates.Chunk0046	305f29699d97b531f078afb2932b10705f84f15cf872562d811718a9d284f146	305f29699d97b531f078afb2932b10705f84f15cf872562d811718a9d284f146	same
RamseyCurrent.SourceCertificates.Chunk0047	603ad4ece719d9fb1853f86b5a7dbe1c73b2214a54232f50e6585982a06b94b6	603ad4ece719d9fb1853f86b5a7dbe1c73b2214a54232f50e6585982a06b94b6	same
RamseyCurrent.SourceCertificates.Chunk0048	a872f11f403c7a7d85296b20b434a7d802fa539fe57dd99c122fa0cb75b25f6f	a872f11f403c7a7d85296b20b434a7d802fa539fe57dd99c122fa0cb75b25f6f	same
RamseyCurrent.SourceCertificates.Chunk0049	e5c5bb84b3611135ab315f9204803220218c19f3fbfda70c613d4b28661742b4	e5c5bb84b3611135ab315f9204803220218c19f3fbfda70c613d4b28661742b4	same
RamseyCurrent.SourceCertificates.Chunk0050	f724d6d1b372d47827e70e5eddb7ec9425bbf0c88a86b84e348927c9c284cfc7	f724d6d1b372d47827e70e5eddb7ec9425bbf0c88a86b84e348927c9c284cfc7	same
RamseyCurrent.SourceCertificates.Chunk0051	2d46c87dd0349b4c5c10a5dc9723d918ff1d0d2156435e45daf853ae2a410c3f	2d46c87dd0349b4c5c10a5dc9723d918ff1d0d2156435e45daf853ae2a410c3f	same
RamseyCurrent.SourceCertificates.Chunk0052	bf5b492e27bc3b34b4b4309113064a1302593e860856d81169c184fca0b47ce2	bf5b492e27bc3b34b4b4309113064a1302593e860856d81169c184fca0b47ce2	same
RamseyCurrent.SourceCertificates.Chunk0053	a999d32ce3da84a0e8734f80d918c29f60305b4a20b9031864067258fdd7ec4d	a999d32ce3da84a0e8734f80d918c29f60305b4a20b9031864067258fdd7ec4d	same
RamseyCurrent.SourceCertificates.Chunk0054	2eb5ce370b7bd7f8354938ddd19dd267502fc8dc732a5fb649a9f4c8a08c83a2	2eb5ce370b7bd7f8354938ddd19dd267502fc8dc732a5fb649a9f4c8a08c83a2	same
RamseyCurrent.SourceCertificates.Chunk0055	3d2ec5219070f517724bc559cc8939ffd9ce97f2e4a40bdacf8eaab42e0a49b9	3d2ec5219070f517724bc559cc8939ffd9ce97f2e4a40bdacf8eaab42e0a49b9	same
RamseyCurrent.SourceCertificates.Chunk0056	119c42516f026f2beae2fc772c762f632f7e34add66be941707d2ab665864cd2	119c42516f026f2beae2fc772c762f632f7e34add66be941707d2ab665864cd2	same
RamseyCurrent.SourceCertificates.Chunk0057	f26732ddef5d3a73f03b6fb0bd7c7ff40c50f94b72678eceb2ec998daf8f85c8	f26732ddef5d3a73f03b6fb0bd7c7ff40c50f94b72678eceb2ec998daf8f85c8	same
RamseyCurrent.SourceCertificates.Chunk0058	a36d773e3924b1aa54f34915b6e306c08b88bda483e7c724c64708504bfd421d	a36d773e3924b1aa54f34915b6e306c08b88bda483e7c724c64708504bfd421d	same
RamseyCurrent.SourceCertificates.Chunk0059	398b18c17222f9b05e01bf9d9177e5fd6ca347da500f2a95a76de6cbc602313c	398b18c17222f9b05e01bf9d9177e5fd6ca347da500f2a95a76de6cbc602313c	same
RamseyCurrent.SourceCertificates.Chunk0060	ba67ea441edfced25dd4e8e075bc1107672873c98d3e814ecc2e3e92922ce27c	ba67ea441edfced25dd4e8e075bc1107672873c98d3e814ecc2e3e92922ce27c	same
RamseyCurrent.SourceCertificates.Chunk0061	d8c0bed7e4fab25ef4d143ec93ba616e01f803e398f53adbad733ee93e99b36d	d8c0bed7e4fab25ef4d143ec93ba616e01f803e398f53adbad733ee93e99b36d	same
RamseyCurrent.SourceCertificates.Chunk0062	adf555a4699afc48158d78df395ed9ba9346a35ed346b90b48a8119c46463aad	adf555a4699afc48158d78df395ed9ba9346a35ed346b90b48a8119c46463aad	same
RamseyCurrent.SourceCertificates.Chunk0063	238b08ff29598be39edcefae122f499016ac01806a04c8ea29f7fbcc484ef4b6	238b08ff29598be39edcefae122f499016ac01806a04c8ea29f7fbcc484ef4b6	same
RamseyCurrent.SourceCertificates.Chunk0064	b7bd61338861ce0b646569ac9ee17f3a91cb4050589d1e96eb9ac8da4b8d10a0	b7bd61338861ce0b646569ac9ee17f3a91cb4050589d1e96eb9ac8da4b8d10a0	same
RamseyCurrent.SourceCertificates.Chunk0065	7722a9aee0c181d3c2f120684ffd565bc65f2b7ac1b58d5e83231bc64989fa31	7722a9aee0c181d3c2f120684ffd565bc65f2b7ac1b58d5e83231bc64989fa31	same
RamseyCurrent.SourceCertificates.Chunk0066	4cbaea4d116a5275bbcdc0870f0679ad695f0a44635565fc8b4347600c120e8c	4cbaea4d116a5275bbcdc0870f0679ad695f0a44635565fc8b4347600c120e8c	same
RamseyCurrent.SourceCertificates.Chunk0067	988a3bb1f0a6c3ec128d15127216c2651230f0b622fa7ffe84a026cd450aa770	988a3bb1f0a6c3ec128d15127216c2651230f0b622fa7ffe84a026cd450aa770	same
RamseyCurrent.SourceCertificates.Chunk0068	74b0eac237482fdf9826f920c402ff23c7294476a0be6440500a6d16c137f841	74b0eac237482fdf9826f920c402ff23c7294476a0be6440500a6d16c137f841	same
RamseyCurrent.SourceCertificates.Chunk0069	ad0bf8c58aca3ed4e6482828231fc32c28e57a1822395b9a5d34b38219133b02	ad0bf8c58aca3ed4e6482828231fc32c28e57a1822395b9a5d34b38219133b02	same
RamseyCurrent.SourceCertificates.Chunk0070	1bb9233976ba23c16f0e5da41fa57f9c125f2b6a7fe242cb66a5699f9b867c27	1bb9233976ba23c16f0e5da41fa57f9c125f2b6a7fe242cb66a5699f9b867c27	same
RamseyCurrent.SourceCertificates.Chunk0071	5363a6ddc52cee3f1586e675ae8cce81bdd07d9cf391e1f0bf8fe89e99e46149	5363a6ddc52cee3f1586e675ae8cce81bdd07d9cf391e1f0bf8fe89e99e46149	same
RamseyCurrent.SourceCertificates.Chunk0072	78daff8c4e1b38e2d2245235ddfee38097bad426d9fc556ed61d1169446f2a44	78daff8c4e1b38e2d2245235ddfee38097bad426d9fc556ed61d1169446f2a44	same
RamseyCurrent.SourceCertificates.Chunk0073	71def81a92e3fbbcab0f203eed9eae21f04b0c6f9e24cef4c3975518012247f3	71def81a92e3fbbcab0f203eed9eae21f04b0c6f9e24cef4c3975518012247f3	same
RamseyCurrent.SourceCertificates.Chunk0074	e7175405e763f79e576c0fe5e7aea4b013c56635bd70a0c863a88b0f498a6089	e7175405e763f79e576c0fe5e7aea4b013c56635bd70a0c863a88b0f498a6089	same
RamseyCurrent.SourceCertificates.Chunk0075	bfd0ffb71f598b61dc285f71012297e382d5b2c8e097c9cdb59dbeb74e414ae7	bfd0ffb71f598b61dc285f71012297e382d5b2c8e097c9cdb59dbeb74e414ae7	same
RamseyCurrent.SourceCertificates.Chunk0076	31ab01f10bfee258d94d6fb0a38c76473744efee48f2e19833f95be5a065c6ca	31ab01f10bfee258d94d6fb0a38c76473744efee48f2e19833f95be5a065c6ca	same
RamseyCurrent.SourceCertificates.Chunk0077	d01bd8ce41e69125f653d9ba051e59346b42857d37aa4fa9ccd207e741fa8a63	d01bd8ce41e69125f653d9ba051e59346b42857d37aa4fa9ccd207e741fa8a63	same
RamseyCurrent.SourceCertificates.Chunk0078	50d467afe559b81e29f1f324f4cfb2e8bdcc035eb230fc8a5ace6ef1f27987ce	50d467afe559b81e29f1f324f4cfb2e8bdcc035eb230fc8a5ace6ef1f27987ce	same
RamseyCurrent.SourceCertificates.Chunk0079	5d0431d509e38bf3520df7e778527c1ce3b89c199eaa2902804de60b2e1aef08	5d0431d509e38bf3520df7e778527c1ce3b89c199eaa2902804de60b2e1aef08	same
RamseyCurrent.SourceCertificates.Chunk0080	5f974973e743758c5b970aa0be654331ba32238e1af855a9a88279a7d2eb611d	5f974973e743758c5b970aa0be654331ba32238e1af855a9a88279a7d2eb611d	same
RamseyCurrent.SourceCertificates.Chunk0081	497d49839679e6a82ec3e29f56cb5fc2a8e0a9afc4e3fba828e4ac803a766f54	497d49839679e6a82ec3e29f56cb5fc2a8e0a9afc4e3fba828e4ac803a766f54	same
RamseyCurrent.SourceCertificates.Chunk0082	dcb4e6ceb26d11973d0e27951bc6a48eafc7ccf26fda9f753b402d06944cc93d	dcb4e6ceb26d11973d0e27951bc6a48eafc7ccf26fda9f753b402d06944cc93d	same
RamseyCurrent.SourceCertificates.Chunk0083	6e29c1bab444b09b7cf301cabbb2c68ab8e2cf522b19d32c80fdfb4ae0dfd88e	6e29c1bab444b09b7cf301cabbb2c68ab8e2cf522b19d32c80fdfb4ae0dfd88e	same
RamseyCurrent.SourceCertificates.Chunk0084	44fb4eadd366bd6189379ca4bb22ee4f7e5d4bea5a5cf9952f44f1b9610c9d9c	44fb4eadd366bd6189379ca4bb22ee4f7e5d4bea5a5cf9952f44f1b9610c9d9c	same
RamseyCurrent.SourceCertificates.Chunk0085	65ec030f6ddcff678d4ea84d8ec7b3e4112e363f95b294c756ac1a499d0a6594	65ec030f6ddcff678d4ea84d8ec7b3e4112e363f95b294c756ac1a499d0a6594	same
RamseyCurrent.SourceCertificates.Chunk0086	2d0e056f2e7de5d1b8f6a82d9f0607b00dba9ca1d5ef0267c3e23149e35517a2	2d0e056f2e7de5d1b8f6a82d9f0607b00dba9ca1d5ef0267c3e23149e35517a2	same
RamseyCurrent.SourceCertificates.Chunk0087	ed7ce3f48f7c8791b2f75e4e10765512fd09a97ebe5676bb939e8a806dc16ccd	ed7ce3f48f7c8791b2f75e4e10765512fd09a97ebe5676bb939e8a806dc16ccd	same
RamseyCurrent.SourceCertificates.Chunk0088	c1596a56b817e9210bf5057e051b48fa4b36a2ea38e3e908d76d2ed9bef25bfd	c1596a56b817e9210bf5057e051b48fa4b36a2ea38e3e908d76d2ed9bef25bfd	same
RamseyCurrent.SourceCertificates.Chunk0089	19c60d25827975c32717d54f6a3b0c405ad980e481f4726fbb40404dd7d53507	19c60d25827975c32717d54f6a3b0c405ad980e481f4726fbb40404dd7d53507	same
RamseyCurrent.SourceCertificates.Chunk0090	bcc62b0891e2fb09ea57eb7f7bac9d71e2d9af3d7aed08e1c1f7c182c7c88401	bcc62b0891e2fb09ea57eb7f7bac9d71e2d9af3d7aed08e1c1f7c182c7c88401	same
RamseyCurrent.SourceCertificates.Chunk0091	73271cc2ea214ffcaf1e75dd351e319ce156d50985be86b8be85cfa6f73c06d5	73271cc2ea214ffcaf1e75dd351e319ce156d50985be86b8be85cfa6f73c06d5	same
RamseyCurrent.SourceCertificates.Chunk0092	4c6abfa878c7ee0ca3c9e1f12ce2641ea86e6de177f2b5b70809d03b33a39e16	4c6abfa878c7ee0ca3c9e1f12ce2641ea86e6de177f2b5b70809d03b33a39e16	same
RamseyCurrent.SourceCertificates.Chunk0093	63e2e90cc286f1f2930e480de8aee6026af2ac5dcaec4b37cf15121c334ca3ea	63e2e90cc286f1f2930e480de8aee6026af2ac5dcaec4b37cf15121c334ca3ea	same
RamseyCurrent.SourceCertificates.Chunk0094	177e35694490da1e29733130790d3a6f24ebcf1f56a8cb01a7b699bf38e9028e	177e35694490da1e29733130790d3a6f24ebcf1f56a8cb01a7b699bf38e9028e	same
RamseyCurrent.SourceCertificates.Chunk0095	cd204089f3ff42bade09434637bd17ea41c665fca77fde1dcd1f25d5877fdb22	cd204089f3ff42bade09434637bd17ea41c665fca77fde1dcd1f25d5877fdb22	same
RamseyCurrent.SourceCertificates.Chunk0096	748ecd04f57709fae770e24f3423e1ef0d15dcb96a033e1c6c91515e9cef9dce	748ecd04f57709fae770e24f3423e1ef0d15dcb96a033e1c6c91515e9cef9dce	same
RamseyCurrent.SourceCertificates.Chunk0097	b171df5ba802fc52701b46e6d45e9f087ba995a11b697e61cbb44516a5ca1e6f	b171df5ba802fc52701b46e6d45e9f087ba995a11b697e61cbb44516a5ca1e6f	same
RamseyCurrent.SourceCertificates.Chunk0098	6304eabb75cc48c575c343fbb01dee1e8786a8f53e50c3d88fb7a00b806b8294	6304eabb75cc48c575c343fbb01dee1e8786a8f53e50c3d88fb7a00b806b8294	same
RamseyCurrent.SourceCertificates.Chunk0099	1c2f9994558793abc1c5c53904fb99fa693485a04a84a9d066becf6c44224e41	1c2f9994558793abc1c5c53904fb99fa693485a04a84a9d066becf6c44224e41	same
RamseyCurrent.SourceCertificates.Chunk0100	ce992c378ff10c29d18ff67fcce462bdad2a14ddeda4a9489fbc5d128a7fbb9d	ce992c378ff10c29d18ff67fcce462bdad2a14ddeda4a9489fbc5d128a7fbb9d	same
RamseyCurrent.SourceCertificates.Chunk0101	6ee1d93e358bdc6e707113ad1a8ffd515015896c1bb558243c74398aab887bed	6ee1d93e358bdc6e707113ad1a8ffd515015896c1bb558243c74398aab887bed	same
RamseyCurrent.SourceCertificates.Chunk0102	8e6b03dcfa0ff0bb5399b9120b1cc4622e87f6f2c8b927e5da4153c42436cdb3	8e6b03dcfa0ff0bb5399b9120b1cc4622e87f6f2c8b927e5da4153c42436cdb3	same
RamseyCurrent.SourceCertificates.Chunk0103	d5f044e07940d4c34424d5f2a90eb882dd3b05e16caadca954373076bbc590d5	d5f044e07940d4c34424d5f2a90eb882dd3b05e16caadca954373076bbc590d5	same
RamseyCurrent.SourceCertificates.Chunk0104	524f9f1741c32920873c9055c24ff5d592e993a9bfd182fa418907d7b02162b5	524f9f1741c32920873c9055c24ff5d592e993a9bfd182fa418907d7b02162b5	same
RamseyCurrent.SourceCertificates.Chunk0105	b9e53f33153cc221b51066ca7ce055ced624c9a3957373612b0f6e0bcb74483b	b9e53f33153cc221b51066ca7ce055ced624c9a3957373612b0f6e0bcb74483b	same
RamseyCurrent.SourceCertificates.Chunk0106	81fc1d7522dcddba987beb0d9cb43540ccbfb4f4359db27ca5957c0d67d99c90	81fc1d7522dcddba987beb0d9cb43540ccbfb4f4359db27ca5957c0d67d99c90	same
RamseyCurrent.SourceCertificates.Chunk0107	5ad90a1bbba9ae124f1868542d8c20539910c1fb10e263c03664483a7f9450b2	5ad90a1bbba9ae124f1868542d8c20539910c1fb10e263c03664483a7f9450b2	same
RamseyCurrent.SourceCertificates.Chunk0108	c3d5d62d3240d808ab89350960dee365a61548320f465bb89f30e52240164126	c3d5d62d3240d808ab89350960dee365a61548320f465bb89f30e52240164126	same
RamseyCurrent.SourceCertificates.Chunk0109	cf97a368f47aa1667e97dff21da1d037b8395cd00809daf817f41144dc335d33	cf97a368f47aa1667e97dff21da1d037b8395cd00809daf817f41144dc335d33	same
RamseyCurrent.SourceCertificates.Chunk0110	8feb558da974c638065ca1ba2877b6a7bb3495259b043c9d3dee4e08bbed5dd9	8feb558da974c638065ca1ba2877b6a7bb3495259b043c9d3dee4e08bbed5dd9	same
RamseyCurrent.SourceCertificates.Chunk0111	373d7b718081e43def3a55e0a804705ff1983d7f6ad1d0df1f65ccc50c075fd1	373d7b718081e43def3a55e0a804705ff1983d7f6ad1d0df1f65ccc50c075fd1	same
RamseyCurrent.SourceCertificates.Chunk0112	6d81d5052a36145cffaa9fcc23d1edbe2a8dcc1315aee8ee2f945a419f54d3fa	6d81d5052a36145cffaa9fcc23d1edbe2a8dcc1315aee8ee2f945a419f54d3fa	same
RamseyCurrent.SourceCertificates.Chunk0113	4acaa3772cfaf119a127dc83d6446c35307b88bc4430fa64312afd9d9f92895d	4acaa3772cfaf119a127dc83d6446c35307b88bc4430fa64312afd9d9f92895d	same
RamseyCurrent.SourceCertificates.Chunk0114	18445fafdf29395f2491b890a4e735cbbdf3ed1967e35c1514ea4927237030e0	18445fafdf29395f2491b890a4e735cbbdf3ed1967e35c1514ea4927237030e0	same
RamseyCurrent.SourceCertificates.Chunk0115	fc1283bb0d697333ed472fdea7100f93dda46d7be260f931757bd7edb731fc93	fc1283bb0d697333ed472fdea7100f93dda46d7be260f931757bd7edb731fc93	same
RamseyCurrent.SourceCertificates.Chunk0116	9363813ea5ebc0d5dc2b835fdf2b83b6a3102ef35e0941b428722c63b5be9e64	9363813ea5ebc0d5dc2b835fdf2b83b6a3102ef35e0941b428722c63b5be9e64	same
RamseyCurrent.SourceCertificates.Chunk0117	180d13562aa873c60d8cd19def0ee173a89029bc074ec6658b483ba64d704fcd	180d13562aa873c60d8cd19def0ee173a89029bc074ec6658b483ba64d704fcd	same
RamseyCurrent.SourceCertificates.Chunk0118	4742d164a480595cbe263a356c50f4c5cd92926392f95324ec566feb7065e2f7	4742d164a480595cbe263a356c50f4c5cd92926392f95324ec566feb7065e2f7	same
RamseyCurrent.SourceCertificates.Chunk0119	a8cf0bfcdf5441f7575e834720902df277141c81921c16165d8e9eb76c061bbb	a8cf0bfcdf5441f7575e834720902df277141c81921c16165d8e9eb76c061bbb	same
RamseyCurrent.SourceCertificates.Chunk0120	b7d60175c134c092fdfd0bc38cacecd93bee18483e34a4b8e0e96f548d1bb136	b7d60175c134c092fdfd0bc38cacecd93bee18483e34a4b8e0e96f548d1bb136	same
RamseyCurrent.SourceCertificates.Chunk0121	139bfdb80b42cc5af593061b474bed149e08c988806fd21f134806bf6d1b01ab	139bfdb80b42cc5af593061b474bed149e08c988806fd21f134806bf6d1b01ab	same
RamseyCurrent.SourceCertificates.Chunk0122	ba815a06a22dc6b772e56878f348d8d701a9b4aac1f11d9e382c0d8a7ef39846	ba815a06a22dc6b772e56878f348d8d701a9b4aac1f11d9e382c0d8a7ef39846	same
RamseyCurrent.SourceCertificates.Chunk0123	bb60f30fe4806b449f0372b6159de9506b6e56b80850b2386abf1fb54102797a	bb60f30fe4806b449f0372b6159de9506b6e56b80850b2386abf1fb54102797a	same
RamseyCurrent.SourceCertificates.Chunk0124	35d87c18c3bdf69925e2f00b654c66d5fc1ac6c78082645bfe98ddda5930a7fc	35d87c18c3bdf69925e2f00b654c66d5fc1ac6c78082645bfe98ddda5930a7fc	same
RamseyCurrent.SourceCertificates.Chunk0125	585179079081b1bdcb35489abf4c927d0a1b1c225ad1692b9223a98411caa5c8	585179079081b1bdcb35489abf4c927d0a1b1c225ad1692b9223a98411caa5c8	same
RamseyCurrent.SourceCertificates.Chunk0126	edef4e13ad9b3a6841948ae320741851de9d88a90f20359d30d716e116f4f994	edef4e13ad9b3a6841948ae320741851de9d88a90f20359d30d716e116f4f994	same
RamseyCurrent.SourceCertificates.Chunk0127	1ddf121d7a8a086804b0f52c6e5031e7934b5eca1499d37d579ed1d33bdf1771	1ddf121d7a8a086804b0f52c6e5031e7934b5eca1499d37d579ed1d33bdf1771	same
RamseyCurrent.SourceCertificates.Chunk0128	fa460511fec74d7addca9879a7f44e7e41599ee05314d6177c76dd602d1f4aa0	fa460511fec74d7addca9879a7f44e7e41599ee05314d6177c76dd602d1f4aa0	same
RamseyCurrent.SourceCertificates.Chunk0129	163b5cf0a356e32316ad592ab17282428875cb8dcfe7f5807e06db89224c629e	163b5cf0a356e32316ad592ab17282428875cb8dcfe7f5807e06db89224c629e	same
RamseyCurrent.SourceCertificates.Chunk0130	39a71262779042a0977e73dd5a6c673fe7ef40a4a37b51c7f41436681b35a7e7	39a71262779042a0977e73dd5a6c673fe7ef40a4a37b51c7f41436681b35a7e7	same
RamseyCurrent.SourceCertificates.Chunk0131	e543328b73f0317714b24b96ef51fe00d65d554088a502b82b59479ff4783f6e	e543328b73f0317714b24b96ef51fe00d65d554088a502b82b59479ff4783f6e	same
RamseyCurrent.SourceCertificates.Chunk0132	9b0739a24255e279b0ff876acfaf8cf6f4570002b8684479c7a5d4d9091891bf	9b0739a24255e279b0ff876acfaf8cf6f4570002b8684479c7a5d4d9091891bf	same
RamseyCurrent.SourceCertificates.Chunk0133	2994dedc83b6d5dc894256913bace5523989790c60618840a6cd93b89823b7d1	2994dedc83b6d5dc894256913bace5523989790c60618840a6cd93b89823b7d1	same
RamseyCurrent.SourceCertificates.Chunk0134	9ff44f838d21f084673305921a778c93a1785029c7de8a4eb8a60b3c64bfc130	9ff44f838d21f084673305921a778c93a1785029c7de8a4eb8a60b3c64bfc130	same
RamseyCurrent.SourceCertificates.Chunk0135	a7fc359c2f4d38b8fa2045722e12c7ad23bb63727cfba65f3ee0fd92f4141397	a7fc359c2f4d38b8fa2045722e12c7ad23bb63727cfba65f3ee0fd92f4141397	same
RamseyCurrent.SourceCertificates.Chunk0136	1361b52756c64664147a740e08df022aa8c6170f700ce65162795ed7eee62ed1	1361b52756c64664147a740e08df022aa8c6170f700ce65162795ed7eee62ed1	same
RamseyCurrent.SourceCertificates.Chunk0137	6377eaf5213c6dc1bf0f1bec34d40fbe0acc44d1d0587ba256d5e57e8c90277a	6377eaf5213c6dc1bf0f1bec34d40fbe0acc44d1d0587ba256d5e57e8c90277a	same
RamseyCurrent.SourceCertificates.Chunk0138	cc17220920daccf18752e7fa938c0b61d265cda1370e11ff23baec3015b90dda	cc17220920daccf18752e7fa938c0b61d265cda1370e11ff23baec3015b90dda	same
RamseyCurrent.SourceCertificates.Chunk0139	2f815cd3dfd736bdf78995c4fdf447b177b1d79e421e723db4f5e7487a2269b7	2f815cd3dfd736bdf78995c4fdf447b177b1d79e421e723db4f5e7487a2269b7	same
RamseyCurrent.SourceCertificates.Chunk0140	02085e8b1ad78c78c824b8a6738e75bb504c2b28951e921cac4d7002dc36c106	02085e8b1ad78c78c824b8a6738e75bb504c2b28951e921cac4d7002dc36c106	same
RamseyCurrent.SourceCertificates.Chunk0141	47849c6226039af44964bc849048bc51a18506a05764cb0702a8b4d453c5bc69	47849c6226039af44964bc849048bc51a18506a05764cb0702a8b4d453c5bc69	same
RamseyCurrent.SourceCertificates.Chunk0142	75fe94ff356593e45ffecad993bee6994e352d86f0ae10da6f3c3ced34a9d368	75fe94ff356593e45ffecad993bee6994e352d86f0ae10da6f3c3ced34a9d368	same
RamseyCurrent.SourceCertificates.Chunk0143	e5488ac16cbd38d774bf8c4dc9316a86d7089ac063bb99055d44af9505301eb8	e5488ac16cbd38d774bf8c4dc9316a86d7089ac063bb99055d44af9505301eb8	same
RamseyCurrent.SourceCertificates.Chunk0144	70e90a032a4a00bb5c07aafbff87d8d59e729ebda80e2746dc18acb6601670af	70e90a032a4a00bb5c07aafbff87d8d59e729ebda80e2746dc18acb6601670af	same
RamseyCurrent.SourceCertificates.Chunk0145	c0fb4bfa28d28e13f52045de605d90cf161e1494a5f85e1e867b5926b60c122c	c0fb4bfa28d28e13f52045de605d90cf161e1494a5f85e1e867b5926b60c122c	same
RamseyCurrent.SourceCertificates.Chunk0146	f6150d6167d75b11e2465f01a14ad78b4dab60ad87008bc8beb36843396e5ca5	f6150d6167d75b11e2465f01a14ad78b4dab60ad87008bc8beb36843396e5ca5	same
RamseyCurrent.SourceCertificates.Chunk0147	d1909da4f1d275857efaaa55f53d9b7303572cebc801a9ddd795b562b4725424	d1909da4f1d275857efaaa55f53d9b7303572cebc801a9ddd795b562b4725424	same
RamseyCurrent.SourceCertificates.Chunk0148	b2d517ca62fe3d8670f1f3e9b04d2c2d8c109abbcab4f5a3fdde52f979c4a285	b2d517ca62fe3d8670f1f3e9b04d2c2d8c109abbcab4f5a3fdde52f979c4a285	same
RamseyCurrent.SourceCertificates.Chunk0149	6da8aa31651567817cee162827524b2f113a19fbd496fb6d50d4502e1567def7	6da8aa31651567817cee162827524b2f113a19fbd496fb6d50d4502e1567def7	same
RamseyCurrent.SourceCertificates.Chunk0150	b3392109b1c9d98c00ed866882ad26d9a1c99f2a3569557f00c0cf064bff9302	b3392109b1c9d98c00ed866882ad26d9a1c99f2a3569557f00c0cf064bff9302	same
RamseyCurrent.SourceCertificates.Chunk0151	498314e69d7dd51dc019e21f4bd33378080059bf9dd6814c879299377191d6e6	498314e69d7dd51dc019e21f4bd33378080059bf9dd6814c879299377191d6e6	same
RamseyCurrent.SourceCertificates.Chunk0152	226d9d2fd2028c1f979edc2afe582873a89bd2df5fafdb71ff4f28052343334b	226d9d2fd2028c1f979edc2afe582873a89bd2df5fafdb71ff4f28052343334b	same
RamseyCurrent.SourceCertificates.Chunk0153	6a559a62dbeaed979378763374bdbcf214a2594d07e3844c488b25a1318c860d	6a559a62dbeaed979378763374bdbcf214a2594d07e3844c488b25a1318c860d	same
RamseyCurrent.SourceCertificates.Chunk0154	6da680d701016e3745a1883030007ec9942ae73aea2d3a6c75034232e7a96de1	6da680d701016e3745a1883030007ec9942ae73aea2d3a6c75034232e7a96de1	same
RamseyCurrent.SourceCertificates.Chunk0155	2640ddde1e5911d305dc12675d9805c7df7541040615ddebb57c1381608eb20f	2640ddde1e5911d305dc12675d9805c7df7541040615ddebb57c1381608eb20f	same
RamseyCurrent.SourceCertificates.Chunk0156	a9151bd8abaec222a333862292ce19dc18570e8f5c0188547929ceaa6915f50e	a9151bd8abaec222a333862292ce19dc18570e8f5c0188547929ceaa6915f50e	same
RamseyCurrent.SourceCertificates.Chunk0157	6d4e002b3a8ce86526bbf7d2f29403074451e0c263793fb482728e15c6fe1b31	6d4e002b3a8ce86526bbf7d2f29403074451e0c263793fb482728e15c6fe1b31	same
RamseyCurrent.SourceCertificates.Chunk0158	b92a64e642fcc3c20451bf0ec2faf02fde10e8b5620d1c96e22d4328eafaae0b	b92a64e642fcc3c20451bf0ec2faf02fde10e8b5620d1c96e22d4328eafaae0b	same
RamseyCurrent.SourceCertificates.Chunk0159	c4fde6cc03b01ab219d75df26a097db23adba9984cc54fef9e8a3f3dc19d1b69	c4fde6cc03b01ab219d75df26a097db23adba9984cc54fef9e8a3f3dc19d1b69	same
RamseyCurrent.SourceCertificates.Chunk0160	a73c01c65cb61c61f3c9eed956d183446237813b213d1599a1ce678fd32fce56	a73c01c65cb61c61f3c9eed956d183446237813b213d1599a1ce678fd32fce56	same
RamseyCurrent.SourceCertificates.Chunk0161	d5277f76d022990af7e847501e218f1af4bd40821e31b134daa47becac29c6fc	d5277f76d022990af7e847501e218f1af4bd40821e31b134daa47becac29c6fc	same
RamseyCurrent.SourceCertificates.Chunk0162	aa19ebffd4144e0ba0a1f11229de5088461e9fe76932fd5f0dd4fabe81c11a04	aa19ebffd4144e0ba0a1f11229de5088461e9fe76932fd5f0dd4fabe81c11a04	same
RamseyCurrent.SourceCertificates.Chunk0163	3b964e9fc4f64f87c89d44515b4b9bd8a699ab3c8b56ad09ca4fc099b4afb2a6	3b964e9fc4f64f87c89d44515b4b9bd8a699ab3c8b56ad09ca4fc099b4afb2a6	same
RamseyCurrent.SourceCertificates.Chunk0164	8bcd686114aa084e314d13c8d69424eb2d8322b8709fed8d74ddf1c1e2ab0c42	8bcd686114aa084e314d13c8d69424eb2d8322b8709fed8d74ddf1c1e2ab0c42	same
RamseyCurrent.SourceCertificates.Chunk0165	f3315010a5527db8fd24a6014088d0e7a1fa434b603607d7b744bec9bbb42740	f3315010a5527db8fd24a6014088d0e7a1fa434b603607d7b744bec9bbb42740	same
RamseyCurrent.SourceCertificates.Chunk0166	1984fc5e4bfcc9393ac815b868d1b28257a670759c4e97cc65621def554e8cfb	1984fc5e4bfcc9393ac815b868d1b28257a670759c4e97cc65621def554e8cfb	same
RamseyCurrent.SourceCertificates.Chunk0167	45cd251185a8fe3fee85a8d10802bb995d81a2e7b03ad34afdca9ec8b15e53b6	45cd251185a8fe3fee85a8d10802bb995d81a2e7b03ad34afdca9ec8b15e53b6	same
RamseyCurrent.SourceCertificates.Chunk0168	af57705f2243200c99e20d6fb50019b35539cc96152476888c7a5a1032ab71c2	af57705f2243200c99e20d6fb50019b35539cc96152476888c7a5a1032ab71c2	same
RamseyCurrent.SourceCertificates.Chunk0169	cf35c42f44749fc05de71f3660217ffcc1c377f288f698f8f3c6c89dd87aaaf0	cf35c42f44749fc05de71f3660217ffcc1c377f288f698f8f3c6c89dd87aaaf0	same
RamseyCurrent.SourceCertificates.Chunk0170	98cd0b26f652fe28d206f48003e6568fb0b2ced63de3a64866491b840e6712b1	98cd0b26f652fe28d206f48003e6568fb0b2ced63de3a64866491b840e6712b1	same
RamseyCurrent.SourceCertificates.Chunk0171	55e644499815ff9d089314e8a38e8bba4e1a4d81506735dfbcb25666f8a7f2b3	55e644499815ff9d089314e8a38e8bba4e1a4d81506735dfbcb25666f8a7f2b3	same
RamseyCurrent.SourceCertificates.Chunk0172	c6c23c4f8533558d71c144740f3a2d7e77acfdc42db0c3ce0b9a9a87baa0c7e0	c6c23c4f8533558d71c144740f3a2d7e77acfdc42db0c3ce0b9a9a87baa0c7e0	same
RamseyCurrent.SourceCertificates.Chunk0173	3187390ce43ca7d97d6eb2d6ce4824db74f5d78974b2d41453b90487870a1bef	3187390ce43ca7d97d6eb2d6ce4824db74f5d78974b2d41453b90487870a1bef	same
RamseyCurrent.SourceCertificates.Chunk0174	f2b4cb55a28e3ded8a92b938748d7171801eca584450564a573d7305de34cdad	f2b4cb55a28e3ded8a92b938748d7171801eca584450564a573d7305de34cdad	same
RamseyCurrent.SourceCertificates.Chunk0175	cb0e968d201107090872d8efee935b8b51f34ec0e4acc2b41810139490cde686	cb0e968d201107090872d8efee935b8b51f34ec0e4acc2b41810139490cde686	same
RamseyCurrent.SourceCertificates.Chunk0176	d3e91618a9ed2cc73a5aa4f926d04c4fdea5746b942112d169da14c2be595d28	d3e91618a9ed2cc73a5aa4f926d04c4fdea5746b942112d169da14c2be595d28	same
RamseyCurrent.SourceCertificates.Chunk0177	e3aa796c0fc2f6c9e899aeb8177f3140008d6cf4072b9b2cf2ae69c29d5498ca	e3aa796c0fc2f6c9e899aeb8177f3140008d6cf4072b9b2cf2ae69c29d5498ca	same
RamseyCurrent.SourceCertificates.Chunk0178	e466cc927251a7ca313961b5ed7dab27c63f1e83775da39a87ba7db5e072e856	e466cc927251a7ca313961b5ed7dab27c63f1e83775da39a87ba7db5e072e856	same
RamseyCurrent.SourceCertificates.Chunk0179	984cafd7a02a395153084ba12b9ce51f21efbb190ff2414210ffb768bf941af8	984cafd7a02a395153084ba12b9ce51f21efbb190ff2414210ffb768bf941af8	same
RamseyCurrent.SourceCertificates.Chunk0180	77103dd327b2786a7913fcfa0ac999e87e328b83a25667e44b9fa65cca6c23b2	77103dd327b2786a7913fcfa0ac999e87e328b83a25667e44b9fa65cca6c23b2	same
RamseyCurrent.SourceCertificates.Chunk0181	caf1cd11c28c946a187d924837ad49c122d767287de8bc1630abff3d5abd432f	caf1cd11c28c946a187d924837ad49c122d767287de8bc1630abff3d5abd432f	same
RamseyCurrent.SourceCertificates.Chunk0182	1adffff924b3522ef473b05b772263cc4407634fccaf3c726e3533a0447ab4ea	1adffff924b3522ef473b05b772263cc4407634fccaf3c726e3533a0447ab4ea	same
RamseyCurrent.SourceCertificates.Chunk0183	2882b77c0b141a9d950bd036a7966901506ee458ea2885279a05e1d1d3873a30	2882b77c0b141a9d950bd036a7966901506ee458ea2885279a05e1d1d3873a30	same
RamseyCurrent.SourceCertificates.Chunk0184	007fc49657d50401ee531cbb4865f41e9d4e4df36528fbf8ab38498e3f93a43b	007fc49657d50401ee531cbb4865f41e9d4e4df36528fbf8ab38498e3f93a43b	same
RamseyCurrent.SourceCertificates.Chunk0185	6cb2e1192d31d7b3b9695af67f12d966bed6ff629dbb7f7750a355bb4bc988a5	6cb2e1192d31d7b3b9695af67f12d966bed6ff629dbb7f7750a355bb4bc988a5	same
RamseyCurrent.SourceCertificates.Chunk0186	3425ddf2062761ce3a81b3a4fe33ab9ba9416000aca328b50e6a52d548a4d73d	3425ddf2062761ce3a81b3a4fe33ab9ba9416000aca328b50e6a52d548a4d73d	same
RamseyCurrent.SourceCertificates.Chunk0187	db3df7c9b84f346ace56e20d6296cf1daa601d8ce39f365fe197ae579b3754c3	db3df7c9b84f346ace56e20d6296cf1daa601d8ce39f365fe197ae579b3754c3	same
RamseyCurrent.SourceCertificates.Chunk0188	341eb259dcdcce6adc9bee1281a50ee18e6ac20066bb6bf564b8f07fbe470acf	341eb259dcdcce6adc9bee1281a50ee18e6ac20066bb6bf564b8f07fbe470acf	same
RamseyCurrent.SourceCertificates.Chunk0189	6c3649ea4f651a6b0ea0fa458f370214da2c5466e427d976f23ab4699125aa5d	6c3649ea4f651a6b0ea0fa458f370214da2c5466e427d976f23ab4699125aa5d	same
RamseyCurrent.SourceCertificates.Chunk0190	80c39d95a46d645241771b1e7770189e207cd95b415edde46e3cab3642b5dc04	80c39d95a46d645241771b1e7770189e207cd95b415edde46e3cab3642b5dc04	same
RamseyCurrent.SourceCertificates.Chunk0191	cdb4da7a4e713938a0518b0a66eb6867822021a2308203f6bea462174e389dc0	cdb4da7a4e713938a0518b0a66eb6867822021a2308203f6bea462174e389dc0	same
RamseyCurrent.SourceCertificates.Chunk0192	49ae91b2804ac04db3326b45059c8231cad476aacc2d5d9d4a86218e5edea98a	49ae91b2804ac04db3326b45059c8231cad476aacc2d5d9d4a86218e5edea98a	same
RamseyCurrent.SourceCertificates.Chunk0193	0e4780df9793a79aee8303b9c77abed2465f819718a8c65646b6b4b62bd9da2b	0e4780df9793a79aee8303b9c77abed2465f819718a8c65646b6b4b62bd9da2b	same
RamseyCurrent.SourceCertificates.Chunk0194	ca8c6ef31d184302f6d5fd45b0c63eb0b3ed1a334eeafbb912b9462616c659c4	ca8c6ef31d184302f6d5fd45b0c63eb0b3ed1a334eeafbb912b9462616c659c4	same
RamseyCurrent.SourceCertificates.Chunk0195	f400a0b8d67afcd2e71d988177e0f54ef5e0c2fb10e65bb9fafd0d5dc328bb45	f400a0b8d67afcd2e71d988177e0f54ef5e0c2fb10e65bb9fafd0d5dc328bb45	same
RamseyCurrent.SourceCertificates.Chunk0196	381cfb11c5716b5e90c7c6e50a65758cc808c2a61feded2930ae5bb44be3c644	381cfb11c5716b5e90c7c6e50a65758cc808c2a61feded2930ae5bb44be3c644	same
RamseyCurrent.SourceCertificates.Chunk0197	5a857f9ffb2cf01b8bb94868f9b7b4cb78080fb50db85b2cc33c5608b0b02703	5a857f9ffb2cf01b8bb94868f9b7b4cb78080fb50db85b2cc33c5608b0b02703	same
RamseyCurrent.SourceCertificates.Chunk0198	a2af5fa3657d8a969dc1999d2f08b556d4569f76f7486031f4ba39943d6664c8	a2af5fa3657d8a969dc1999d2f08b556d4569f76f7486031f4ba39943d6664c8	same
RamseyCurrent.SourceCertificates.Chunk0199	155ac0c854ead621e08eef38784e81ecf207919e90aa157d24476567bd81f883	155ac0c854ead621e08eef38784e81ecf207919e90aa157d24476567bd81f883	same
RamseyCurrent.SourceCertificates.Chunk0200	03abf873aa8d156dcf8b0266cf56c518ebac251baaf4739dbf437f3409bd63a6	03abf873aa8d156dcf8b0266cf56c518ebac251baaf4739dbf437f3409bd63a6	same
RamseyCurrent.SourceCertificates.Chunk0201	f101a47cde0d696fe7b2ac46982f511b61d8dfd98fa98fce325ff5bf254884b4	f101a47cde0d696fe7b2ac46982f511b61d8dfd98fa98fce325ff5bf254884b4	same
RamseyCurrent.SourceCertificates.Chunk0202	e2dbe355fc92cd0a95d786da095484ccda673ea3d870cd8968cb0e4fe45a1789	e2dbe355fc92cd0a95d786da095484ccda673ea3d870cd8968cb0e4fe45a1789	same
RamseyCurrent.SourceCertificates.Chunk0203	e942bec63fafdebc080bb1603b2bfcf158599a24a7663dd0e9c97b779904ae2f	e942bec63fafdebc080bb1603b2bfcf158599a24a7663dd0e9c97b779904ae2f	same
RamseyCurrent.SourceCertificates.Chunk0204	44c29028427d418bcf5ad7fe86952b52b638dbdc660436f5d678dd98e9b52507	44c29028427d418bcf5ad7fe86952b52b638dbdc660436f5d678dd98e9b52507	same
RamseyCurrent.SourceCertificates.Chunk0205	6d058f785174c5ab73c68bc9ac52053846e73d3f6751993659b0fd5c1b46ddbb	6d058f785174c5ab73c68bc9ac52053846e73d3f6751993659b0fd5c1b46ddbb	same
RamseyCurrent.SourceCertificates.Chunk0206	9044303bfe9542ecc0ed67c7ea01ca455b18262f87c977275dfd2995b962b9a7	9044303bfe9542ecc0ed67c7ea01ca455b18262f87c977275dfd2995b962b9a7	same
RamseyCurrent.SourceCertificates.Chunk0207	e8ac9cb356794417d0e6788c3c85314aad631d7199f9036f14212fa64b824f88	e8ac9cb356794417d0e6788c3c85314aad631d7199f9036f14212fa64b824f88	same
RamseyCurrent.SourceCertificates.Chunk0208	2b0f769f120875775a178b6cf9f99e60dd3f1acf5cc91d454451f06b57fa491b	2b0f769f120875775a178b6cf9f99e60dd3f1acf5cc91d454451f06b57fa491b	same
RamseyCurrent.SourceCertificates.Chunk0209	38b6bdb801c7d1fae0fa1a85d02c0b94c996255fa13340e7c3f45c672f477b0e	38b6bdb801c7d1fae0fa1a85d02c0b94c996255fa13340e7c3f45c672f477b0e	same
RamseyCurrent.SourceCertificates.Chunk0210	f0141489a9c41f3cec8a0f54c7c878711b2c5ad37dd66d33d72c1d8c07db1e37	f0141489a9c41f3cec8a0f54c7c878711b2c5ad37dd66d33d72c1d8c07db1e37	same
RamseyCurrent.SourceCertificates.Chunk0211	4a336f4ea519ebd9e8fc0d490a625fc5bafa595d5e65145d030e583dfb257210	4a336f4ea519ebd9e8fc0d490a625fc5bafa595d5e65145d030e583dfb257210	same
RamseyCurrent.SourceCertificates.Chunk0212	d5eb6570925fceddbd4f167a6cdadd60cb870d98f050ec0208bef31c7e94c0cc	d5eb6570925fceddbd4f167a6cdadd60cb870d98f050ec0208bef31c7e94c0cc	same
RamseyCurrent.SourceCertificates.Chunk0213	6c0cba300f6118948ea13d00f1ff9d265532b2d0894f91754792b326adfada60	6c0cba300f6118948ea13d00f1ff9d265532b2d0894f91754792b326adfada60	same
RamseyCurrent.SourceCertificates.Chunk0214	a899f55d9aa0d8de7e1f4b3feaf945a898d955b0022c4e74d3797ec61447989a	a899f55d9aa0d8de7e1f4b3feaf945a898d955b0022c4e74d3797ec61447989a	same
RamseyCurrent.SourceCertificates.Chunk0215	c73aca6a6642595248c494ece8e8f6d3d01910e00063f64550c74ca2d97d2280	c73aca6a6642595248c494ece8e8f6d3d01910e00063f64550c74ca2d97d2280	same
RamseyCurrent.SourceCertificates.Chunk0216	4bd467d6975b02b4189fdd39075f6b7b22c8ff8e4f33b4be7706e32fe739688a	4bd467d6975b02b4189fdd39075f6b7b22c8ff8e4f33b4be7706e32fe739688a	same
RamseyCurrent.SourceCertificates.Chunk0217	bf2172feca3b70ef08220bc7ef733716fcd1db1e9c5bc52d3bc5873d3f361a63	bf2172feca3b70ef08220bc7ef733716fcd1db1e9c5bc52d3bc5873d3f361a63	same
RamseyCurrent.SourceCertificates.Chunk0218	4dea94490dbf6226f046c65f48c2853767f8491404e2b6a3116d5f3c2f4c2a2c	4dea94490dbf6226f046c65f48c2853767f8491404e2b6a3116d5f3c2f4c2a2c	same
RamseyCurrent.SourceCertificates.Chunk0219	22ce6b287a5c75f788b54aaa9f661b3174d6675fe1825521880a985d6b3382de	22ce6b287a5c75f788b54aaa9f661b3174d6675fe1825521880a985d6b3382de	same
RamseyCurrent.SourceCertificates.Chunk0220	f6641dc458a1506552f04648187ec66670a3a11983c2110e7b5d2d01eab77b48	f6641dc458a1506552f04648187ec66670a3a11983c2110e7b5d2d01eab77b48	same
RamseyCurrent.SourceCertificates.Chunk0221	f4867d75c755ed3e549460e9101af80825a69b401e52fe3001f86d0d305e3a16	f4867d75c755ed3e549460e9101af80825a69b401e52fe3001f86d0d305e3a16	same
RamseyCurrent.SourceCertificates.Chunk0222	6230066bfa01c78fcca5ef3ca4e5cf339f0a7b45b7534804697079ce365f1f41	6230066bfa01c78fcca5ef3ca4e5cf339f0a7b45b7534804697079ce365f1f41	same
RamseyCurrent.SourceCertificates.Chunk0223	a844f1afc0b812c271dcbd1ec9f21f76538c3e42acfd54fded821c0b5f864496	a844f1afc0b812c271dcbd1ec9f21f76538c3e42acfd54fded821c0b5f864496	same
RamseyCurrent.SourceCertificates.Chunk0224	ffa7752876a78f2002894d292e5d97e65396d36c9e124d15c8388c466317fdbe	ffa7752876a78f2002894d292e5d97e65396d36c9e124d15c8388c466317fdbe	same
RamseyCurrent.SourceCertificates.Chunk0225	3da9b5f8a129384db27924bfce734586b2732f01ebf552420448507efaea8048	3da9b5f8a129384db27924bfce734586b2732f01ebf552420448507efaea8048	same
RamseyCurrent.SourceCertificates.Chunk0226	a22309173eba562fd1531b902bfe8cd8b13143a0a49e2e539f87414876d2b29c	a22309173eba562fd1531b902bfe8cd8b13143a0a49e2e539f87414876d2b29c	same
RamseyCurrent.SourceCertificates.Chunk0227	0634582cef0c14db17bdff0eaaae6d72ecc1b43e9e8deb139bb68a15e49257d9	0634582cef0c14db17bdff0eaaae6d72ecc1b43e9e8deb139bb68a15e49257d9	same
RamseyCurrent.SourceCertificates.Chunk0228	037d9555d8909c25ea9c9edd65cfb7a2c2aa2b0554fa61bd1e171e90d461543a	037d9555d8909c25ea9c9edd65cfb7a2c2aa2b0554fa61bd1e171e90d461543a	same
RamseyCurrent.SourceCertificates.Chunk0229	fde23155e369110bff7a584f6218af1242a08973026d2ad4debea8528e1c061d	fde23155e369110bff7a584f6218af1242a08973026d2ad4debea8528e1c061d	same
RamseyCurrent.SourceCertificates.Chunk0230	5a56e7aceebce38fa87710340f49c5ce5230c6025f48bcfcddbb7c86752cb335	5a56e7aceebce38fa87710340f49c5ce5230c6025f48bcfcddbb7c86752cb335	same
RamseyCurrent.SourceCertificates.Chunk0231	6dcb84d9e9fb58a3f549fb592968706c5f6c21156cd30d615d80f48392fb33c9	6dcb84d9e9fb58a3f549fb592968706c5f6c21156cd30d615d80f48392fb33c9	same
RamseyCurrent.SourceCertificates.Chunk0232	631514d4bca050903c4f9af6efbf1c26a0c1b295cb63c0636561402a3c15caac	631514d4bca050903c4f9af6efbf1c26a0c1b295cb63c0636561402a3c15caac	same
RamseyCurrent.SourceCertificates.Chunk0233	1b9efe14a94f10998d510c4b53524402d714839a16996efc2ecb89be32398bd7	1b9efe14a94f10998d510c4b53524402d714839a16996efc2ecb89be32398bd7	same
RamseyCurrent.SourceCertificates.Chunk0234	0ebf6b5d2ad8c176e43a6f2ddce2bd6b627db573bade1624bc5bfab02014371f	0ebf6b5d2ad8c176e43a6f2ddce2bd6b627db573bade1624bc5bfab02014371f	same
RamseyCurrent.SourceCertificates.Chunk0235	7f8936de32268867773b96985437830f265fd1c1c67bdeae633f0b95e0b6f48b	7f8936de32268867773b96985437830f265fd1c1c67bdeae633f0b95e0b6f48b	same
RamseyCurrent.SourceCertificates.Chunk0236	2e5b84a37c2831d1c87648065986dce6c5216c4e07c3c6a91f8b51a6d29cf159	2e5b84a37c2831d1c87648065986dce6c5216c4e07c3c6a91f8b51a6d29cf159	same
RamseyCurrent.SourceCertificates.Chunk0237	4082f51d41800074b592150740e8dfb7a00fa1f02852459ac9a5ed66875b8b37	4082f51d41800074b592150740e8dfb7a00fa1f02852459ac9a5ed66875b8b37	same
RamseyCurrent.SourceCertificates.Chunk0238	1dea127fd0856401d1db129f36e71c511adc7c3057705589c6a7161bf444bdf3	1dea127fd0856401d1db129f36e71c511adc7c3057705589c6a7161bf444bdf3	same
RamseyCurrent.SourceCertificates.Chunk0239	e94677029b40ffd6b8a0ae00b5cb7421a9b6501741d82d959cabf4151733f434	e94677029b40ffd6b8a0ae00b5cb7421a9b6501741d82d959cabf4151733f434	same
RamseyCurrent.SourceCertificates.Chunk0240	a12140d82d449a71f9d57784f85497b3304d47ac3c915c00570aa99331e29c00	a12140d82d449a71f9d57784f85497b3304d47ac3c915c00570aa99331e29c00	same
RamseyCurrent.SourceCertificates.Chunk0241	89850075dc4ffa6b276fd6ab3bb5a69f382e02d9f5cd324639820e6668734538	89850075dc4ffa6b276fd6ab3bb5a69f382e02d9f5cd324639820e6668734538	same
RamseyCurrent.SourceCertificates.Chunk0242	e82cb9f7922af95dae4977db5d7599d73bf08b589cd0e29dac6d49f55733b2a5	e82cb9f7922af95dae4977db5d7599d73bf08b589cd0e29dac6d49f55733b2a5	same
RamseyCurrent.SourceCertificates.Chunk0243	c0926df8ae92e6f5efbd0520fba1294770b1879910f4a08f193d0ff25e0075d9	c0926df8ae92e6f5efbd0520fba1294770b1879910f4a08f193d0ff25e0075d9	same
RamseyCurrent.SourceCertificates.Chunk0244	7a81cfa9750ffdf0e2864344f75380de0301eb21ea418a24c0b1b02b101c33cf	7a81cfa9750ffdf0e2864344f75380de0301eb21ea418a24c0b1b02b101c33cf	same
RamseyCurrent.SourceCertificates.Chunk0245	e7e73637db0ab8c877231768a57feecdcdf64ed06ca1393d480fe3642ccb08c1	e7e73637db0ab8c877231768a57feecdcdf64ed06ca1393d480fe3642ccb08c1	same
RamseyCurrent.SourceCertificates.Chunk0246	ffe73b9f7d1df988818e96d1f680dd414e87c13f575b5831536088c6d0bee33d	ffe73b9f7d1df988818e96d1f680dd414e87c13f575b5831536088c6d0bee33d	same
RamseyCurrent.SourceCertificates.Chunk0247	a87d4ba54495f2cc7ac62bfdca75812785a7885a2e1c18bb2b9c25e888caa647	a87d4ba54495f2cc7ac62bfdca75812785a7885a2e1c18bb2b9c25e888caa647	same
RamseyCurrent.SourceCertificates.Chunk0248	eca76d989222aa10bff1b25533176c9a056055066c357ce5adda00841aa08ec8	eca76d989222aa10bff1b25533176c9a056055066c357ce5adda00841aa08ec8	same
RamseyCurrent.SourceCertificates.Chunk0249	8024cb7efca836641bee74c111baa75f1554f19e42e78aa711f0e25bbe3aab4a	8024cb7efca836641bee74c111baa75f1554f19e42e78aa711f0e25bbe3aab4a	same
RamseyCurrent.SourceCertificates.Chunk0250	8206660d614df65127b36f523b532c3bf60e5b98392744bfed7c83c978935f0e	8206660d614df65127b36f523b532c3bf60e5b98392744bfed7c83c978935f0e	same
RamseyCurrent.SourceCertificates.Chunk0251	db8b6d78545144f061e733a4b96d38afe97de2032850a783cb6321711ee2d883	db8b6d78545144f061e733a4b96d38afe97de2032850a783cb6321711ee2d883	same
RamseyCurrent.SourceCertificates.Chunk0252	c1c80ac326797d7541843bb1d7a2a35c55fa5fe4bc0f4f7dde59e90aafdd50ed	c1c80ac326797d7541843bb1d7a2a35c55fa5fe4bc0f4f7dde59e90aafdd50ed	same
RamseyCurrent.SourceCertificates.Chunk0253	d56274d1c00578b9489fe5cf8c85f247ba67a3bcbb2c4d64316798bb9b506dcb	d56274d1c00578b9489fe5cf8c85f247ba67a3bcbb2c4d64316798bb9b506dcb	same
RamseyCurrent.SourceCertificates.Chunk0254	5bb95025913c8ea7b1242cf70da5fb94502f2aabda5a5ddbc57687c922f14232	5bb95025913c8ea7b1242cf70da5fb94502f2aabda5a5ddbc57687c922f14232	same
RamseyCurrent.SourceCertificates.Chunk0255	e97fa1262da26f04fabd1d1f643bde8fadce2e7faacceb1639e3987c4449a602	e97fa1262da26f04fabd1d1f643bde8fadce2e7faacceb1639e3987c4449a602	same
RamseyCurrent.SourceCertificates.Chunk0256	cc632c741a0420273923f5ff2aef284f24d129457b2e76d29bc2d76687d0b26b	cc632c741a0420273923f5ff2aef284f24d129457b2e76d29bc2d76687d0b26b	same
RamseyCurrent.SourceCertificates.Chunk0257	dafb20178273455b03fd3c42a789594b3f2b11d6bb3b0cc180592619899797cf	dafb20178273455b03fd3c42a789594b3f2b11d6bb3b0cc180592619899797cf	same
RamseyCurrent.SourceCertificates.Chunk0258	fe7a8794dc477464572540ae329a5fa8245c9161b42a0fedd3287273b3fa35c2	fe7a8794dc477464572540ae329a5fa8245c9161b42a0fedd3287273b3fa35c2	same
RamseyCurrent.SourceCertificates.Chunk0259	47194a4b7909ec67d606aa4f260f3ef3a34d30d6fbb2ea4cc251d5bcb74153a3	47194a4b7909ec67d606aa4f260f3ef3a34d30d6fbb2ea4cc251d5bcb74153a3	same
RamseyCurrent.SourceCertificates.Chunk0260	5cc8bee26dce5e26842379a72ad976e8c684e08e86da5b962b9e3dd60085540c	5cc8bee26dce5e26842379a72ad976e8c684e08e86da5b962b9e3dd60085540c	same
RamseyCurrent.SourceCertificates.Chunk0261	a0bc2cdd437077769ea6666796c89169b9056a06b1a3db16778e7c9a43ee0efa	a0bc2cdd437077769ea6666796c89169b9056a06b1a3db16778e7c9a43ee0efa	same
RamseyCurrent.SourceCertificates.Chunk0262	f787b97036a6ec02651816077f4ebda31793f9675bd0ae03fa621432016122d3	f787b97036a6ec02651816077f4ebda31793f9675bd0ae03fa621432016122d3	same
RamseyCurrent.SourceCertificates.Chunk0263	128a215d2a0bf6fff5873f4c1f869391800118ca21011837a6c5fa5ca8a273cf	128a215d2a0bf6fff5873f4c1f869391800118ca21011837a6c5fa5ca8a273cf	same
RamseyCurrent.SourceCertificates.Chunk0264	bcd1d9eeddf10b38963c69dafacd7fec063b6508db61da49c4a2715982372879	bcd1d9eeddf10b38963c69dafacd7fec063b6508db61da49c4a2715982372879	same
RamseyCurrent.SourceCertificates.Chunk0265	02f93e6edf2ac56dd98be5e6674ce6c8789433252588190b616778b284c1fab8	02f93e6edf2ac56dd98be5e6674ce6c8789433252588190b616778b284c1fab8	same
RamseyCurrent.SourceCertificates.Chunk0266	1f8f7244dd40fd00d7d8ec208044c74c0975dd382a92cdfadb7a6fe8eff74b6d	1f8f7244dd40fd00d7d8ec208044c74c0975dd382a92cdfadb7a6fe8eff74b6d	same
RamseyCurrent.SourceCertificates.Chunk0267	3f91baad1fd76700f5f645ada8694a536db705dff4baa6d636771857ed879226	3f91baad1fd76700f5f645ada8694a536db705dff4baa6d636771857ed879226	same
RamseyCurrent.SourceCertificates.Chunk0268	17bc43a69786c5e9fb476b2d79ee53ea40c541ee3f2eb4f954dfc1540f3e61f2	17bc43a69786c5e9fb476b2d79ee53ea40c541ee3f2eb4f954dfc1540f3e61f2	same
RamseyCurrent.SourceCertificates.Chunk0269	78e30e8da553f376502e009b377d2b27a4ef99bbd3d1a87815c83e363665e817	78e30e8da553f376502e009b377d2b27a4ef99bbd3d1a87815c83e363665e817	same
RamseyCurrent.SourceCertificates.Chunk0270	f6684da938bcda853298348308a1deedb49c2903477e1f13db3e5e6a99a92540	f6684da938bcda853298348308a1deedb49c2903477e1f13db3e5e6a99a92540	same
RamseyCurrent.SourceCertificates.Chunk0271	a98236a7098eb0f438acff781331094c952e64bb1344844de5f2bb67e6061eb8	a98236a7098eb0f438acff781331094c952e64bb1344844de5f2bb67e6061eb8	same
RamseyCurrent.SourceCertificates.Chunk0272	740cf6bc4c968f692345d5d0086737b3f88dc63ac021bce03e7fe443b1cb2dd1	740cf6bc4c968f692345d5d0086737b3f88dc63ac021bce03e7fe443b1cb2dd1	same
RamseyCurrent.SourceCertificates.Chunk0273	f182bfe4a7b5aeb3c8e8459b8fb56c9d1462aede3ad46b29a094a3a52c145d95	f182bfe4a7b5aeb3c8e8459b8fb56c9d1462aede3ad46b29a094a3a52c145d95	same
RamseyCurrent.SourceCertificates.Chunk0274	b365c879c996ec2439b656b2ddb1f6705fc6c7b8bae3b890bf5f818706570ca4	b365c879c996ec2439b656b2ddb1f6705fc6c7b8bae3b890bf5f818706570ca4	same
RamseyCurrent.SourceCertificates.Chunk0275	120392b08e77bb3b9a3c1490d72e6dd58122142b11b6ff3de7e187d89f928c5e	120392b08e77bb3b9a3c1490d72e6dd58122142b11b6ff3de7e187d89f928c5e	same
RamseyCurrent.SourceCertificates.Chunk0276	515ce952bcd021600b6527100dfba86d5d75815da7fc31109fb1f096a879e2fe	515ce952bcd021600b6527100dfba86d5d75815da7fc31109fb1f096a879e2fe	same
RamseyCurrent.SourceCertificates.Chunk0277	2ed90be8e1a11182a5a86d95f5f64f4eeb00b592f8f0f62c2f8158a369880bc0	2ed90be8e1a11182a5a86d95f5f64f4eeb00b592f8f0f62c2f8158a369880bc0	same
RamseyCurrent.SourceCertificates.Chunk0278	58e48a96c84b988d57dcecb5a75cc558e940ebaf6c469f51af3699aa0a86d18f	58e48a96c84b988d57dcecb5a75cc558e940ebaf6c469f51af3699aa0a86d18f	same
RamseyCurrent.SourceCertificates.Chunk0279	5bbe45a34579023b8ac4fe3129c085eb9a7809b950bad335ec3539ac8873fd57	5bbe45a34579023b8ac4fe3129c085eb9a7809b950bad335ec3539ac8873fd57	same
RamseyCurrent.SourceCertificates.Chunk0280	7d7865e9261fa2bc5b03ad7ae4cfc6e56d6a3248da4728b8c5d97ece01b3e02d	7d7865e9261fa2bc5b03ad7ae4cfc6e56d6a3248da4728b8c5d97ece01b3e02d	same
RamseyCurrent.SourceCertificates.Chunk0281	32fcfbc289665d6395d698438054d0da1014da3cb12f173c4b092f204e84928e	32fcfbc289665d6395d698438054d0da1014da3cb12f173c4b092f204e84928e	same
RamseyCurrent.SourceCertificates.Chunk0282	fecac02d42e67eb4b7fdf883765eb1f7401edff596f34636b96a8de7cffae36a	fecac02d42e67eb4b7fdf883765eb1f7401edff596f34636b96a8de7cffae36a	same
RamseyCurrent.SourceCertificates.Chunk0283	8a99f687cb919ba5bba1181c2e3be7021a496e936bb708d577b88c98be33de31	8a99f687cb919ba5bba1181c2e3be7021a496e936bb708d577b88c98be33de31	same
RamseyCurrent.SourceCertificates.Chunk0284	266e27c7e1307f76f905d0f13781c861e22bdd375d939d71f38ee5a5e94a32f4	266e27c7e1307f76f905d0f13781c861e22bdd375d939d71f38ee5a5e94a32f4	same
RamseyCurrent.SourceCertificates.Chunk0285	1681dc469bfe038314002cb3006ac4a59a1b3e6f60ae84c4547e59ab997a14c6	1681dc469bfe038314002cb3006ac4a59a1b3e6f60ae84c4547e59ab997a14c6	same
RamseyCurrent.SourceCertificates.Chunk0286	292f88f3e5ad9e5dbd40c2ec09ae9e2591e3fbf9bbeb36daf030400eae8a6f24	292f88f3e5ad9e5dbd40c2ec09ae9e2591e3fbf9bbeb36daf030400eae8a6f24	same
RamseyCurrent.SourceCertificates.Chunk0287	ec92fc8805955af3e17dcb35d6f18dd58c931982a1008372fe9f72a9231966e7	ec92fc8805955af3e17dcb35d6f18dd58c931982a1008372fe9f72a9231966e7	same
RamseyCurrent.SourceControls	205dab7d5e25c6d4e77a8d50ce5d4fe503fa7142a0b6dc08443ae74cd2b93a32	205dab7d5e25c6d4e77a8d50ce5d4fe503fa7142a0b6dc08443ae74cd2b93a32	same
RamseyCurrent.SourceCriterion	26e26f30e5124f6b1dab93e19fd4f734050ee41ad4b8a15a41acdf1f009e0d5f	26e26f30e5124f6b1dab93e19fd4f734050ee41ad4b8a15a41acdf1f009e0d5f	same
RamseyCurrent.SourceGeometryCertificates.Chunk0000	a5aa8b896839be409ad6274bfc46d8334a4dc9c9a190b1c218f4554c547184f1	a5aa8b896839be409ad6274bfc46d8334a4dc9c9a190b1c218f4554c547184f1	same
RamseyCurrent.SourceGeometryCertificates.Chunk0001	3983bcf10e3e8ec0bcf95e444ac14bd0a40cbef847b6461b8b2b59159b62ee84	3983bcf10e3e8ec0bcf95e444ac14bd0a40cbef847b6461b8b2b59159b62ee84	same
RamseyCurrent.SourceGeometryCertificates.Chunk0002	8e13e196a5c5b7a6fc69dc9448e52fb2f7ee75098ec5088d3b6b4ad553dd359d	8e13e196a5c5b7a6fc69dc9448e52fb2f7ee75098ec5088d3b6b4ad553dd359d	same
RamseyCurrent.SourceGeometryCertificates.Chunk0003	ef7e27ed523cb6b219f8922553445c54505e2a73c5189be7960681b7265f5f1c	ef7e27ed523cb6b219f8922553445c54505e2a73c5189be7960681b7265f5f1c	same
RamseyCurrent.SourceGeometryCertificates.Chunk0004	14c207e16879664b0f60753e58f5510f653450618de7fbb4195f224756d368c4	14c207e16879664b0f60753e58f5510f653450618de7fbb4195f224756d368c4	same
RamseyCurrent.SourceGeometryCertificates.Chunk0005	97e40b1d8fb070b371f6ce053d7441e7d36e16f85206331a8b15054c84a14f48	97e40b1d8fb070b371f6ce053d7441e7d36e16f85206331a8b15054c84a14f48	same
RamseyCurrent.SourceGeometryCertificates.Chunk0006	cc3ca7c60927770400887e5e0abb725e95bd6410c9e95bed9d6cf551d95093f9	cc3ca7c60927770400887e5e0abb725e95bd6410c9e95bed9d6cf551d95093f9	same
RamseyCurrent.SourceGeometryCertificates.Chunk0007	2f8e98722858b4121b8a9d1a50526bd326ca41dcc36954b4a301bb80b6194f5a	2f8e98722858b4121b8a9d1a50526bd326ca41dcc36954b4a301bb80b6194f5a	same
RamseyCurrent.SourceGeometryCertificates.Chunk0008	b55ce778488b1a2216281ba313dba09d34d0b62da11d4a3256cf8b80e50882a3	b55ce778488b1a2216281ba313dba09d34d0b62da11d4a3256cf8b80e50882a3	same
RamseyCurrent.SourceGeometryCertificates.Chunk0009	2a287e9473e81f00483efc1836d8be419310a8e6122de62a1ca5836da63944cc	2a287e9473e81f00483efc1836d8be419310a8e6122de62a1ca5836da63944cc	same
RamseyCurrent.SourceGeometryCertificates.Chunk0010	1b66a84ab6e52072162437e8c114ae091a693c148cfff17d77eef68c6e7ed4ac	1b66a84ab6e52072162437e8c114ae091a693c148cfff17d77eef68c6e7ed4ac	same
RamseyCurrent.SourceGeometryCertificates.Chunk0011	3261687c6612a1e62b2b2f5bea7a00576ed614ff425484b0e3a6cf64bdb19328	3261687c6612a1e62b2b2f5bea7a00576ed614ff425484b0e3a6cf64bdb19328	same
RamseyCurrent.SourceGeometryCertificates.Chunk0012	cf10592af222ca51a9489842c2c6b6a5b4f535ac48eaff5ce847a1f287e5e09a	cf10592af222ca51a9489842c2c6b6a5b4f535ac48eaff5ce847a1f287e5e09a	same
RamseyCurrent.SourceGeometryCertificates.Chunk0013	39f49114f0e8191da186bd55324e90a1562a84b8d67c74e491d07e7e909a328c	39f49114f0e8191da186bd55324e90a1562a84b8d67c74e491d07e7e909a328c	same
RamseyCurrent.SourceGeometryCertificates.Chunk0014	a60f0fb0e175a600d600b9a584f58ec4628b66c90cb337886ddc583b52e192cd	a60f0fb0e175a600d600b9a584f58ec4628b66c90cb337886ddc583b52e192cd	same
RamseyCurrent.SourceGeometryCertificates.Chunk0015	d44c57dad267842ff7afb0f64e285d456af9fd239d10cbb40c8c3bf29184366f	d44c57dad267842ff7afb0f64e285d456af9fd239d10cbb40c8c3bf29184366f	same
RamseyCurrent.SourceGeometryCertificates.Chunk0016	75ccf755b3d11f5feb1007a6edec4f6c09f7575ffd3142cb972fb69418afae72	75ccf755b3d11f5feb1007a6edec4f6c09f7575ffd3142cb972fb69418afae72	same
RamseyCurrent.SourceGeometryCertificates.Chunk0017	a0edadc1783cdab6146f7f405a76cf4a4a7d3c97f8f640e5c411a9483c250cb0	a0edadc1783cdab6146f7f405a76cf4a4a7d3c97f8f640e5c411a9483c250cb0	same
RamseyCurrent.SourceGeometryCertificates.Chunk0018	a8703c10c61386f5c36570ddb9cf304b1b4f48bedd1d0bdf5a9751678f267831	a8703c10c61386f5c36570ddb9cf304b1b4f48bedd1d0bdf5a9751678f267831	same
RamseyCurrent.SourceGeometryCertificates.Chunk0019	b405c2978a9fe0e83bca8c0de3fa3393e225e83e7becedc6b6b42bd3a85b2862	b405c2978a9fe0e83bca8c0de3fa3393e225e83e7becedc6b6b42bd3a85b2862	same
RamseyCurrent.SourceGeometryCertificates.Chunk0020	763094002f4f6dc0dbd15507013c0bab3415caaaeaff0ddf2243b33fa72e4407	763094002f4f6dc0dbd15507013c0bab3415caaaeaff0ddf2243b33fa72e4407	same
RamseyCurrent.SourceGeometryCertificates.Chunk0021	a327e5173e00a9de1a82fedb501e7b0c4d9d95afdb2774a9f7288d4d797747c6	a327e5173e00a9de1a82fedb501e7b0c4d9d95afdb2774a9f7288d4d797747c6	same
RamseyCurrent.SourceGeometryCertificates.Chunk0022	3fef1e692e428a0569cb3c6ebdd413a633c59fcf13b7d041eb3416898eb79d82	3fef1e692e428a0569cb3c6ebdd413a633c59fcf13b7d041eb3416898eb79d82	same
RamseyCurrent.SourceGeometryCertificates.Chunk0023	999e1525a9a7040f454544c6c1796d0126e9b388b52e5b44c8b096efc6b4460e	999e1525a9a7040f454544c6c1796d0126e9b388b52e5b44c8b096efc6b4460e	same
RamseyCurrent.SourceGeometryCertificates.Chunk0024	b114640b8fcaab07ca854c2bad3477ebef63d516c21e987e38f49ad4239c14ee	b114640b8fcaab07ca854c2bad3477ebef63d516c21e987e38f49ad4239c14ee	same
RamseyCurrent.SourceGeometryCertificates.Chunk0025	67e8c67255dfb83c376fd76a769fe7e1426b31d6a30068c78971c42030391ca7	67e8c67255dfb83c376fd76a769fe7e1426b31d6a30068c78971c42030391ca7	same
RamseyCurrent.SourceGeometryCertificates.Chunk0026	c116515d382942106d84378abfac17e0e3beadd20a97c04841ff9f052aba9f36	c116515d382942106d84378abfac17e0e3beadd20a97c04841ff9f052aba9f36	same
RamseyCurrent.SourceGeometryCertificates.Chunk0027	34526b6044a318ac90a97a9c397cb78587a629af25427d02bc1fcd2eef1eae8d	34526b6044a318ac90a97a9c397cb78587a629af25427d02bc1fcd2eef1eae8d	same
RamseyCurrent.SourceGeometryCertificates.Chunk0028	ef21a62364bfb804539d7a3c64d18b4f30282f425ff2355a02d81773f271aa68	ef21a62364bfb804539d7a3c64d18b4f30282f425ff2355a02d81773f271aa68	same
RamseyCurrent.SourceGeometryCertificates.Chunk0029	d8e83bda925013a3cabec9469758820cc5a3ea8c028fa5e71799337c732c8ee8	d8e83bda925013a3cabec9469758820cc5a3ea8c028fa5e71799337c732c8ee8	same
RamseyCurrent.SourceGeometryCertificates.Chunk0030	a4278567d1e25e2a5c5e28fec39b32e606bd720c26c944789d8d9835cb356433	a4278567d1e25e2a5c5e28fec39b32e606bd720c26c944789d8d9835cb356433	same
RamseyCurrent.SourceGeometryCertificates.Chunk0031	b5e570945c7023ecfae90f2b9340155ecabe077127965d31d0cae6170bd6cfc8	b5e570945c7023ecfae90f2b9340155ecabe077127965d31d0cae6170bd6cfc8	same
RamseyCurrent.SourceGeometryCertificates.Chunk0032	467a5b080262bee5052633dd69bb62203708347972518e63a735f275545f26d3	467a5b080262bee5052633dd69bb62203708347972518e63a735f275545f26d3	same
RamseyCurrent.SourceGeometryCertificates.Chunk0033	ce1cc369cee7171e59acebab2de292738b7f13178e170314c4156c3d2d4ece2f	ce1cc369cee7171e59acebab2de292738b7f13178e170314c4156c3d2d4ece2f	same
RamseyCurrent.SourceGeometryCertificates.Chunk0034	e1aaf0efae0dc7134c6f41bf9f68f3775ac6c3749317de46b9cec80746072fdf	e1aaf0efae0dc7134c6f41bf9f68f3775ac6c3749317de46b9cec80746072fdf	same
RamseyCurrent.SourceGeometryCertificates.Chunk0035	5025d01c60178326ae8d8b6f2d0e6ca75b8e2a9986fd5a37296c0061ea6234a9	5025d01c60178326ae8d8b6f2d0e6ca75b8e2a9986fd5a37296c0061ea6234a9	same
RamseyCurrent.SourceGeometryCertificates.Chunk0036	834f8c1d69fc40d89225363075c8d2f89a603dc05b8481865a4bab921fe5ba7c	834f8c1d69fc40d89225363075c8d2f89a603dc05b8481865a4bab921fe5ba7c	same
RamseyCurrent.SourceGeometryCertificates.Chunk0037	e09508020e35b45a35b581af234567331352f41b208f8919d82e14e9c91e89cf	e09508020e35b45a35b581af234567331352f41b208f8919d82e14e9c91e89cf	same
RamseyCurrent.SourceGeometryCertificates.Chunk0038	cd5410f956995422b9a73f16430f8b319424c72de9d0ec897c4ba6881657f025	cd5410f956995422b9a73f16430f8b319424c72de9d0ec897c4ba6881657f025	same
RamseyCurrent.SourceGeometryCertificates.Chunk0039	01573a7e700314d904a4ffa5215ab3146a0ede6c9f2922e61ac82e9e2c0a2e25	01573a7e700314d904a4ffa5215ab3146a0ede6c9f2922e61ac82e9e2c0a2e25	same
RamseyCurrent.SourceGeometryCertificates.Chunk0040	ff76139a60e83bd4fdc5c4b5161f02c37bc6ac1142348308698fb04c85c99b10	ff76139a60e83bd4fdc5c4b5161f02c37bc6ac1142348308698fb04c85c99b10	same
RamseyCurrent.SourceGeometryCertificates.Chunk0041	7118735c5dc5c3f6a89042ca1e5f8fe69ec749100f2d419c06ea65d24299a344	7118735c5dc5c3f6a89042ca1e5f8fe69ec749100f2d419c06ea65d24299a344	same
RamseyCurrent.SourceGeometryCertificates.Chunk0042	263a4043b46fab666e5829a45a15c3b2bfa3121b24dcfdd4425bd4d4e2a0698b	263a4043b46fab666e5829a45a15c3b2bfa3121b24dcfdd4425bd4d4e2a0698b	same
RamseyCurrent.SourceGeometryCertificates.Chunk0043	c261226aa86e766bc1742d46b9b8b5c1da53ba6abbea894c107a55d8621fbcca	c261226aa86e766bc1742d46b9b8b5c1da53ba6abbea894c107a55d8621fbcca	same
RamseyCurrent.SourceGeometryCertificates.Chunk0044	34df415e43934eb468a3b248e52dc8a1207af232243a9c5e5ffe59fb7b371a6e	34df415e43934eb468a3b248e52dc8a1207af232243a9c5e5ffe59fb7b371a6e	same
RamseyCurrent.SourceGeometryCertificates.Chunk0045	d955afc1272698f25fa2b755bac45d545b2f6c5071a7441192420dda17114041	d955afc1272698f25fa2b755bac45d545b2f6c5071a7441192420dda17114041	same
RamseyCurrent.SourceGeometryCertificates.Chunk0046	edeb8dfd8d70011fc922ef59486d36e29d64eea9da27d46155699292e9500aaa	edeb8dfd8d70011fc922ef59486d36e29d64eea9da27d46155699292e9500aaa	same
RamseyCurrent.SourceGeometryCertificates.Chunk0047	03cd99acc0fa189c996c12dcf7cea10ba3a8386ba7692585abab3ed84865fa86	03cd99acc0fa189c996c12dcf7cea10ba3a8386ba7692585abab3ed84865fa86	same
RamseyCurrent.SourceGeometryCertificates.Chunk0048	a4179aa0b129c86d27dd4006e321675d93385a7917a58f32b09bdf44d09033b2	a4179aa0b129c86d27dd4006e321675d93385a7917a58f32b09bdf44d09033b2	same
RamseyCurrent.SourceGeometryCertificates.Chunk0049	81d3ec55944dc71d6f1744021dec3b0d27d768216f486122fc716d60e60125f9	81d3ec55944dc71d6f1744021dec3b0d27d768216f486122fc716d60e60125f9	same
RamseyCurrent.SourceGeometryCertificates.Chunk0050	381a8bddb26a3b16e2a41cd1251a70c36cee4001a9170629bbcf8573c688df57	381a8bddb26a3b16e2a41cd1251a70c36cee4001a9170629bbcf8573c688df57	same
RamseyCurrent.SourceGeometryCertificates.Chunk0051	29d9c6268224d26d6dcafa7932be82e1ed6eba312dcbcf311b257237ac60727d	29d9c6268224d26d6dcafa7932be82e1ed6eba312dcbcf311b257237ac60727d	same
RamseyCurrent.SourceGeometryCertificates.Chunk0052	cf6d360f94b08f19737485d0c07504edbd6be1bc3fa9fea730e1a8ea0ef48af9	cf6d360f94b08f19737485d0c07504edbd6be1bc3fa9fea730e1a8ea0ef48af9	same
RamseyCurrent.SourceGeometryCertificates.Chunk0053	5f38869c17e35d9ca6baddd29aea399f2e96eb5bf7019ae0e043ae263c3e73e7	5f38869c17e35d9ca6baddd29aea399f2e96eb5bf7019ae0e043ae263c3e73e7	same
RamseyCurrent.SourceGeometryCertificates.Chunk0054	e68c5c8249cd1a08c9233ab428c318506c8059e8eaa1ba673ff55efb99008a13	e68c5c8249cd1a08c9233ab428c318506c8059e8eaa1ba673ff55efb99008a13	same
RamseyCurrent.SourceGeometryCertificates.Chunk0055	3da71d8bc774d87927dac430bd68c21b53caa6e04e6dd58f95b24e00af51b530	3da71d8bc774d87927dac430bd68c21b53caa6e04e6dd58f95b24e00af51b530	same
RamseyCurrent.SourceGeometryCertificates.Chunk0056	97683cc040b6cb2a675b870c1f9567714735dae63f0106092a910aa82c975642	97683cc040b6cb2a675b870c1f9567714735dae63f0106092a910aa82c975642	same
RamseyCurrent.SourceGeometryCertificates.Chunk0057	43de43c5eeb76e27b8b1cdb1e010fc91a73134f4f2f98d5d19da9177dbb51dd8	43de43c5eeb76e27b8b1cdb1e010fc91a73134f4f2f98d5d19da9177dbb51dd8	same
RamseyCurrent.SourceGeometryCertificates.Chunk0058	455103e11b5e0df05bc168cfe8c73ff8d57aa8902cfe94bd0c2eab7fadf84aea	455103e11b5e0df05bc168cfe8c73ff8d57aa8902cfe94bd0c2eab7fadf84aea	same
RamseyCurrent.SourceGeometryCertificates.Chunk0059	ae62404317579f85b0061c64298624d1d70a68cb3366e548377fbdc99fe9499b	ae62404317579f85b0061c64298624d1d70a68cb3366e548377fbdc99fe9499b	same
RamseyCurrent.SourceGeometryCertificates.Chunk0060	19c86293e4fc9c774a7ab837ade17af6f475ac468270a21d988d228e747f0d6a	19c86293e4fc9c774a7ab837ade17af6f475ac468270a21d988d228e747f0d6a	same
RamseyCurrent.SourceGeometryCertificates.Chunk0061	0c1687f07f8171e1810e601c8d16da30230a3338dd96a20cbcf4b91db4606f76	0c1687f07f8171e1810e601c8d16da30230a3338dd96a20cbcf4b91db4606f76	same
RamseyCurrent.SourceGeometryCertificates.Chunk0062	c12a0231876711a82c66adc9d5eedb888f445b578720e20fa710f135a6e40fac	c12a0231876711a82c66adc9d5eedb888f445b578720e20fa710f135a6e40fac	same
RamseyCurrent.SourceGeometryCertificates.Chunk0063	6a832aa12c046fb99a4b9f0db5554c8cf9a596f5f21a461138cf4f5b1151744a	6a832aa12c046fb99a4b9f0db5554c8cf9a596f5f21a461138cf4f5b1151744a	same
RamseyCurrent.SourceGeometryCertificates.Chunk0064	ab017f5dcaba2f22a4cbe0821a17ccf272e89333e27be237f29cf79e652dd237	ab017f5dcaba2f22a4cbe0821a17ccf272e89333e27be237f29cf79e652dd237	same
RamseyCurrent.SourceGeometryCertificates.Chunk0065	356276747dec6b5658096796107684ab6f6b0296f88878397acd45699be9e48a	356276747dec6b5658096796107684ab6f6b0296f88878397acd45699be9e48a	same
RamseyCurrent.SourceGeometryCertificates.Chunk0066	37d72c3a183c0bc7953c83d9c02fd87b7d0c40e3c04f7fbbf5ff4276b5287ebb	37d72c3a183c0bc7953c83d9c02fd87b7d0c40e3c04f7fbbf5ff4276b5287ebb	same
RamseyCurrent.SourceGeometryCertificates.Chunk0067	cfe068d6cfc29760d293ff0fe0b254dcac5755da871ec536c989434892e07c66	cfe068d6cfc29760d293ff0fe0b254dcac5755da871ec536c989434892e07c66	same
RamseyCurrent.SourceGeometryCertificates.Chunk0068	f538283e0bfddefa50a89a00a60054479c85e44a372ce86e6e401c9b214b006f	f538283e0bfddefa50a89a00a60054479c85e44a372ce86e6e401c9b214b006f	same
RamseyCurrent.SourceGeometryCertificates.Chunk0069	4258646d34644ec8053aa7237a39ff271776f99f26c2e86d6e9b79bce4f53420	4258646d34644ec8053aa7237a39ff271776f99f26c2e86d6e9b79bce4f53420	same
RamseyCurrent.SourceGeometryCertificates.Chunk0070	a453a7863c56f05c327745bf7e54dd71965b7b621f70298dafcfb3766ac36bcf	a453a7863c56f05c327745bf7e54dd71965b7b621f70298dafcfb3766ac36bcf	same
RamseyCurrent.SourceGeometryCertificates.Chunk0071	6d602b1c111844e8c111056b0fb56b9c44f2524fdc5ba8001c856ce4d10c479a	6d602b1c111844e8c111056b0fb56b9c44f2524fdc5ba8001c856ce4d10c479a	same
RamseyCurrent.SourceIdentities	0489847846977564bc0f79678f894a5adb2bc0971638a1d86f5d63bcbd49ddc9	0489847846977564bc0f79678f894a5adb2bc0971638a1d86f5d63bcbd49ddc9	same
RamseyCurrent.SourceProfile	faff30e9b0a3690055fbbaf0a980ebbe8a7ecc00a93313752f49d505e991e181	faff30e9b0a3690055fbbaf0a980ebbe8a7ecc00a93313752f49d505e991e181	same
RamseyCurrent.SourceUniform	1cdbfabb3e0cddf70caffc4e762518f0cdad668f6d9ec9412b5ce82bf079d8f2	1cdbfabb3e0cddf70caffc4e762518f0cdad668f6d9ec9412b5ce82bf079d8f2	same
RamseyCurrent.Specifications	de9d107bc84f60b88cb919d58a8be7517bb7351b63814f4675c00e7101310ae4	de9d107bc84f60b88cb919d58a8be7517bb7351b63814f4675c00e7101310ae4	same
RamseyCurrent.SupportDualityBasic	c640630b042846eee7722e80699ae671097329cf2d09abb7b871aa097f68316d	c640630b042846eee7722e80699ae671097329cf2d09abb7b871aa097f68316d	same
RamseyCurrent.Terminal	b55ceb1d8cacfb345d2d2f9678815ff566ba2181c718fbbe49a85099e404bc1f	b55ceb1d8cacfb345d2d2f9678815ff566ba2181c718fbbe49a85099e404bc1f	same
RamseyCurrent.WeightedBook	4717130184e377a07cf5581ad28a147756160183fe2e6b6331f0aa72edd5ed1a	4717130184e377a07cf5581ad28a147756160183fe2e6b6331f0aa72edd5ed1a	same
RamseyCurrent.WeightedCandidate	762a3405806bd17126dcc9986c39f42fa1c35c4cd1b4ab23d79d8baa4acb39e3	762a3405806bd17126dcc9986c39f42fa1c35c4cd1b4ab23d79d8baa4acb39e3	same
RamseyCurrent.WeightedConcrete	a2336c3dab4f84d6c8f3e156283993240c3d75b1d10c8a9c7d8f77d33af7d2c0	a2336c3dab4f84d6c8f3e156283993240c3d75b1d10c8a9c7d8f77d33af7d2c0	same
RamseyCurrent.WeightedConcreteAlgebra	2c20c5e4174f78a39e9a0a539b9c169b86df4875cc63b39c7fefd33545702d8d	2c20c5e4174f78a39e9a0a539b9c169b86df4875cc63b39c7fefd33545702d8d	same
RamseyCurrent.WeightedFinite	8868787727883de3e24560760125c9f5da72c4aedbc3e7eeb6ccead7594d5dcf	8868787727883de3e24560760125c9f5da72c4aedbc3e7eeb6ccead7594d5dcf	same
RamseyCurrent.WeightedGrowth	9610038bd9abef7f3e5e6a27c9e50d9ce76ace942d9608392ace5869df1e9a01	9610038bd9abef7f3e5e6a27c9e50d9ce76ace942d9608392ace5869df1e9a01	same
RamseyCurrent.WeightedInduction	0cbfc769f80fdb477b1dc4be6da7cf31b7b65cded5a089443eb179e9d6b32fee	0cbfc769f80fdb477b1dc4be6da7cf31b7b65cded5a089443eb179e9d6b32fee	same
RamseyCurrent.WeightedLocalTest	16fdc683590d952bcb3fe0775c567ea9b5d2312e1dbd3ae6c66016bccaaa0493	16fdc683590d952bcb3fe0775c567ea9b5d2312e1dbd3ae6c66016bccaaa0493	same
RamseyCurrent.WeightedMoment	65b3231a7792fbafa5148b94c30abac87c87d11f3019dc904ecf1b7a34b31064	65b3231a7792fbafa5148b94c30abac87c87d11f3019dc904ecf1b7a34b31064	same
RamseyCurrent.WeightedParameters	4ab80b5e95589fc3a2f009573d44d3dc649790763d790161fb21fed1ee67ec13	4ab80b5e95589fc3a2f009573d44d3dc649790763d790161fb21fed1ee67ec13	same
RamseyCurrent.WeightedProfile	cf527908ee315cc45149a02b4abea1ce35845066d686c2557b793b4e5afa0aa4	cf527908ee315cc45149a02b4abea1ce35845066d686c2557b793b4e5afa0aa4	same
RamseyCurrent.WeightedSchedule	72fae6ffd0284671d73f34bf33662a56082cde046cc6b370fc89f7aff12af8ca	72fae6ffd0284671d73f34bf33662a56082cde046cc6b370fc89f7aff12af8ca	same
RamseyCurrent.WeightedSlack	1c70eddd352717e3ae0f968e042e2c491e03f3070e87af8b1d2ded7b3afb6004	1c70eddd352717e3ae0f968e042e2c491e03f3070e87af8b1d2ded7b3afb6004	same
RamseyCurrent.WeightedSplit	fdb5af2330c6dc40c5300781db800169e298eeb927ef8f1154f2c17fc0167f04	fdb5af2330c6dc40c5300781db800169e298eeb927ef8f1154f2c17fc0167f04	same
RamseyLean.Analysis.Binomial	704f500ed804e9e98d0310be0a51930e3b789ede2b28a938db8f964cb2eed985	704f500ed804e9e98d0310be0a51930e3b789ede2b28a938db8f964cb2eed985	same
RamseyLean.Analysis.CertifiedNumerics	626ba7a1b4e128918c5e0fba7cffcfab6ded67a12bde502b8ae5d8634fe59abb	626ba7a1b4e128918c5e0fba7cffcfab6ded67a12bde502b8ae5d8634fe59abb	same
RamseyLean.Analysis.NormalizedFunctions	8539dd75709c9f53278d476128d930228b41296a99a1a7d5eaf11f6696b833f2	8539dd75709c9f53278d476128d930228b41296a99a1a7d5eaf11f6696b833f2	same
RamseyLean.AsymptoticRegion	fb804b7190593b2fd510023d44dee4898ab0bd39ed534f780eae4d8d830600ce	fb804b7190593b2fd510023d44dee4898ab0bd39ed534f780eae4d8d830600ce	same
RamseyLean.Asymptotics.Uniform	4be9eb37edaec0c6fd7f3d4b60825d39da70298fab885c21d59b03cba982d6b7	4be9eb37edaec0c6fd7f3d4b60825d39da70298fab885c21d59b03cba982d6b7	same
RamseyLean.Basic	6a0654a87736df5f7e1ef923781dc49bb67fd5000f8b2fad44d3b78bdf4ba16f	6a0654a87736df5f7e1ef923781dc49bb67fd5000f8b2fad44d3b78bdf4ba16f	same
RamseyLean.BlueBook	fd3a92073e93e7e4647deef691f06ce920a288cd3d24d609b7162137a0eb72b5	fd3a92073e93e7e4647deef691f06ce920a288cd3d24d609b7162137a0eb72b5	same
RamseyLean.BookInduction	1271b2a99efb843e9f900c8b846dbf4288bfbc9a9899ea313319b079e17be4af	1271b2a99efb843e9f900c8b846dbf4288bfbc9a9899ea313319b079e17be4af	same
RamseyLean.Candidate	96d68602490e0ad8452bcae3f1cff66aeb5463a34496166d684016df6fb16cae	96d68602490e0ad8452bcae3f1cff66aeb5463a34496166d684016df6fb16cae	same
RamseyLean.Coloring	530bcdd5c31e28cb8b4539d183a4766b41674660b68518e51a281d787ec1e7ba	530bcdd5c31e28cb8b4539d183a4766b41674660b68518e51a281d787ec1e7ba	same
RamseyLean.Counting	24db3514d9d8f7f79832b79b4f930f282de0cd129a59497062834b803b0aebcd	24db3514d9d8f7f79832b79b4f930f282de0cd129a59497062834b803b0aebcd	same
RamseyLean.Descent	6d5c16ccd75aa571d3e03027360c029feeac682618e70fe5e85a12068b906862	6d5c16ccd75aa571d3e03027360c029feeac682618e70fe5e85a12068b906862	same
RamseyLean.EasyBound	03a18979c22ba9ea9b57425b6847380d2dd96c7333b1cd42ab9cba0ac2b99ed4	03a18979c22ba9ea9b57425b6847380d2dd96c7333b1cd42ab9cba0ac2b99ed4	same
RamseyLean.Frontier	3fec59e53cd4d07c685807ca7dc08e87d0d07fe60136e457dbb75c74ea669035	3fec59e53cd4d07c685807ca7dc08e87d0d07fe60136e457dbb75c74ea669035	same
RamseyLean.Numerics.Core	960f1ebb56950e261b4fe242da2ba5d211b2e91447214e1635adc84ac12ef13c	d606bf6da426afec964d5d1bb2470271efdd8de66cd3229226fb6dcf6ecbde57	DIFF
RamseyLean.Ramsey	4a207b908686b4d6395fb41f6ca50c0f4cc8f31edb0cd92c6e6ba2400b16b674	4a207b908686b4d6395fb41f6ca50c0f4cc8f31edb0cd92c6e6ba2400b16b674	same
RamseyRefinement.Descent	e1e8b41e31371f3e51205762bb490f3583dbea7c11364a9edd03f727af340446	e1e8b41e31371f3e51205762bb490f3583dbea7c11364a9edd03f727af340446	same
RamseyRefinement.ExpressionCertificate	ec11bae687e8b68927f446d78c724b0c03806958db50cfebea7cec2b43c337fd	ec11bae687e8b68927f446d78c724b0c03806958db50cfebea7cec2b43c337fd	same
RamseyRefinement.FixedPointInterval	e4df46442b77fee3eae60069cb423eaddbc0d88d138386a39d00334373039b59	6592c41632ea6d12f706ca9d3cafff172140e4a2b65af91f6b9d7b7370063ea1	DIFF
RamseyRefinement.Frontier	67348a2fa7d2a82cf4b93a339c25e7285b5754199616e2afe5a2f1e214e9659e	67348a2fa7d2a82cf4b93a339c25e7285b5754199616e2afe5a2f1e214e9659e	same
RamseyRefinement.IntervalCover	7e2eb164deabed418492b691c71ff7fef1c03ce2ff6c6ea43180b516487042ad	7e2eb164deabed418492b691c71ff7fef1c03ce2ff6c6ea43180b516487042ad	same
RamseyRefinement.IntervalDerivative	7c11955056e39e7e7d8c6ee720cf575676a610e640e92d8588c5e49560815273	57622520d430fe139072ed260a419a68d89a75a1e1b10b4563e48fcc005898f6	DIFF
RamseyRefinement.IntervalExpr	9b0975576275ab8f932a39b39c4d1597ff7ef8eb60ad311bd41f1b59ca81a363	9b0975576275ab8f932a39b39c4d1597ff7ef8eb60ad311bd41f1b59ca81a363	same
RamseyRefinement.IntervalNormalizedDerivative	c6e9f163e055754875dbb593d3c0958bae95ece206dfca13d1e0d4b235224aa1	c6e9f163e055754875dbb593d3c0958bae95ece206dfca13d1e0d4b235224aa1	same
RamseyRefinement.Origin	ddf1e8df52e0de8ac4effbf871837c2c8f8b39d6589775c5915c423ca1cc769c	ddf1e8df52e0de8ac4effbf871837c2c8f8b39d6589775c5915c423ca1cc769c	same
RamseyRefinement.OriginDerivatives	dd59f1263334d726dba99665a7b292b5e7e6487aab016d48f762e2135e37a7cf	dd59f1263334d726dba99665a7b292b5e7e6487aab016d48f762e2135e37a7cf	same
RamseyRefinement.OriginFunctions	19e1c72ec0bea0cbae8b6b95838227ff790d11132148c17fbe5c530c29d80d99	19e1c72ec0bea0cbae8b6b95838227ff790d11132148c17fbe5c530c29d80d99	same
RamseyRefinement.PolynomialExpr	90d3a89198017288133c1ce96a9fc2c33a073127cef5f65e3ede398e170b19d4	90d3a89198017288133c1ce96a9fc2c33a073127cef5f65e3ede398e170b19d4	same
RamseyRefinement.ProfileData	d637e72a9ebc035ea52923a2e7459b772e818197e815a5a03beb590adc2ad748	d637e72a9ebc035ea52923a2e7459b772e818197e815a5a03beb590adc2ad748	same
RamseyRefinement.ProfileExpr	a223a5e82e47f7d9560311fc91750bb31fb013efa2b35042beee6f18c5a97e91	a223a5e82e47f7d9560311fc91750bb31fb013efa2b35042beee6f18c5a97e91	same
RamseyRefinement.Profiles	cc83827e686743b2e65b91f392d1681b44e26353a4ce2c67a0fffb527d98e94a	cc83827e686743b2e65b91f392d1681b44e26353a4ce2c67a0fffb527d98e94a	same
RamseyRefinement.ShapeCertificate	daa2c20ebb6abbeeec26d77820170bbc7de96881800f3de14726bc7dea69e85c	c96d02228b18655e7a3424878139df5b09f2e8d74e2b15d6191167084a275407	DIFF
RamseyRefinement.SlackExpr	284ec986e880798591d1a4a9aa847232a26a30b26f50ecdeb7a058b63e023238	284ec986e880798591d1a4a9aa847232a26a30b26f50ecdeb7a058b63e023238	same
RamseyRefinement.SupportDescent	d56f485957311f2e10673021c7c3777fbf2681c2c39ea605d2a0eedcf77cd80c	d56f485957311f2e10673021c7c3777fbf2681c2c39ea605d2a0eedcf77cd80c	same
